anzahl;vorname;geschlecht;position
246;Marie;w;2
158;Maria;w;2
148;Sophie;w;2
107;Paul;m;1
104;Noah;m;1
99;Ben;m;1
94;Jonas;m;1
93;Mila;w;1
92;Marie;w;1
89;Emilia;w;1
89;Felix;m;1
87;Emma;w;1
80;Leon;m;1
79;Mia;w;1
76;Anna;w;1
70;Alexander;m;2
70;Maximilian;m;2
70;Maximilian;m;1
70;Lena;w;1
69;Elias;m;1
65;Anton;m;1
64;Ella;w;1
60;Emil;m;1
59;Sophie;w;1
58;Lea;w;1
58;Jonathan;m;1
58;Sophia;w;1
58;Lukas;m;1
56;Ida;w;1
56;Alexander;m;1
56;Julian;m;1
56;Louis;m;1
55;Paul;m;2
55;Lina;w;1
55;Moritz;m;1
54;David;m;1
54;Jan;m;1
53;Finn;m;1
53;Jakob;m;1
53;Leonard;m;1
53;Oskar;m;1
53;Tom;m;1
52;Clara;w;1
52;Lara;w;1
51;Amelie;w;1
51;Leo;m;1
50;Mats;m;1
48;Liam;m;1
47;Johanna;w;1
47;Paula;w;1
47;Luca;m;1
46;Charlotte;w;1
46;Leni;w;1
46;Luisa;w;1
45;Greta;w;1
45;Henri;m;1
45;Samuel;m;1
44;Johanna;w;2
44;Elisa;w;1
44;Emily;w;1
44;Lotta;w;1
43;Laura;w;1
42;Elias;m;2
42;Hanna;w;1
42;Lia;w;1
42;Max;m;1
40;Henry;m;1
40;Milan;m;1
39;Charlotte;w;2
39;Elisabeth;w;2
38;Hannah;w;1
38;Marlene;w;1
38;Nele;w;1
38;Sofia;w;1
37;Katharina;w;2
36;Anton;m;2
36;Julius;m;1
36;Tim;m;1
35;Maria;w;1
34;Emilia;w;2
34;Philipp;m;1
34;Theo;m;1
33;Elif;w;1
33;Leonie;w;1
33;Mira;w;1
33;Matteo;m;1
32;Luisa;w;2
32;Luise;w;2
32;Carla;w;1
32;Adam;m;1
32;Emir;m;1
32;Karl;m;1
32;Luis;m;1
32;Vincent;m;1
31;Ali;m;2
31;Johannes;m;2
31;Sophia;w;2
30;Johann;m;2
30;Benjamin;m;1
30;Daniel;m;1
29;Nora;w;1
29;Jonah;m;1
28;Elisa;w;2
28;Antonia;w;1
28;Carlotta;w;1
28;Maya;w;1
28;Romy;w;1
28;Muhammed;m;1
28;Niklas;m;1
27;Benjamin;m;2
27;Karl;m;2
27;Frieda;w;1
27;Zeynep;w;1
26;David;m;2
26;Frida;w;1
26;Pauline;w;1
26;Justus;m;1
25;Leonard;m;2
25;Peter;m;2
25;Elena;w;1
25;Lisa;w;1
25;Levi;m;1
25;Luna;w;1
24;Felix;m;2
24;Malik;m;1
24;Ava;w;1
24;Mattis;m;1
24;Helena;w;1
23;Anna;w;2
23;Jakob;m;2
23;Emilio;m;1
23;Ela;w;1
23;Johann;m;1
23;Jana;w;1
23;Ömer;m;1
23;Julia;w;1
23;Mara;w;1
23;Mathilda;w;1
23;Mina;w;1
23;Paulina;w;1
22;Bruno;m;1
22;Carl;m;1
22;Fritz;m;1
22;Gabriel;m;1
22;Hannes;m;1
22;Isabella;w;1
22;Konstantin;m;1
22;Juna;w;1
22;Simon;m;1
22;Matilda;w;1
22;Toni;m;1
22;Sarah;w;1
21;Nur;w;2
21;Christian;m;2
21;Jonathan;m;2
21;Valentin;m;2
21;Aaron;m;1
21;Eva;w;1
21;Frederik;m;1
21;Liya;w;1
21;Joshua;m;1
21;Luise;w;1
21;Linus;m;1
21;Sara;w;1
21;Mika;m;1
21;Piet;m;1
20;Victoria;w;2
20;Lilly;w;1
20;Maja;w;1
20;Ali;m;1
20;Tilda;w;1
20;Erik;m;1
20;Florian;m;1
20;Kian;m;1
20;Leonardo;m;1
20;Mert;m;1
19;Carlotta;w;2
19;Can;m;2
19;Alessia;w;1
19;Klara;w;1
19;Melina;w;1
19;Nina;w;1
19;Stella;w;1
19;Theodor;m;1
18;Marie;w;3
18;Marlene;w;2
18;Noah;m;2
18;Theodor;m;2
18;Louisa;w;1
18;Damian;m;1
18;Meryem;w;1
18;Milo;m;1
18;Rafael;m;1
17;Maria;w;3
17;Su;w;2
17;Frederik;m;2
17;Josef;m;2
17;Julius;m;2
17;Luca;m;2
17;Philipp;m;2
17;Amira;w;1
17;Olivia;w;1
17;Adrian;m;1
17;Hamza;m;1
17;Jasper;m;1
17;Jona;m;1
17;Leandro;m;1
17;Levin;m;1
17;Marlon;m;1
17;Noel;m;1
17;Yusuf;m;1
16;Louisa;w;2
16;Jonas;m;2
16;Giulia;w;1
16;Liv;w;1
16;Thea;w;1
16;Nico;m;1
15;Sofia;w;2
15;Emil;m;2
15;Jan;m;2
15;Joel;m;2
15;Matteo;m;2
15;Jule;w;1
15;Luana;w;1
15;Melek;w;1
15;Pia;w;1
15;Alessio;m;1
15;Eric;m;1
15;Fabian;m;1
15;Ilyas;m;1
15;Johannes;m;1
15;Lasse;m;1
15;Mateo;m;1
15;Mehmet;m;1
15;Nick;m;1
15;Valentin;m;1
14;Elif;w;2
14;Josephine;w;2
14;Leni;w;2
14;Friedrich;m;2
14;Gabriel;m;2
14;Michael;m;2
14;Noel;m;2
14;Alina;w;1
14;Amelia;w;1
14;Amina;w;1
14;Anastasia;w;1
14;Aurelia;w;1
14;Josephine;w;1
14;Merle;w;1
14;Zoe;w;1
14;Arian;m;1
14;Arthur;m;1
14;Benno;m;1
14;Jacob;m;1
14;Jannis;m;1
14;Luke;m;1
14;Maxim;m;1
14;Nils;m;1
14;Ole;m;1
14;Oscar;m;1
13;Malou;w;2
13;Sofie;w;2
13;Henri;m;2
13;Konstantin;m;2
13;Louis;m;2
13;Wilhelm;m;2
13;Elina;w;1
13;Elisabeth;w;1
13;Josefine;w;1
13;Katharina;w;1
13;Linda;w;1
13;Rosa;w;1
13;Carlo;m;1
13;Joel;m;1
13;Miran;m;1
13;Raphael;m;1
13;Robin;m;1
13;Sebastian;m;1
13;Till;m;1
13;Timo;m;1
12;Clara;w;2
12;Greta;w;2
12;Helene;w;2
12;Louise;w;2
12;Andreas;m;2
12;Daniel;m;2
12;Ferdinand;m;2
12;Finn;m;2
12;Liam;m;2
12;Martin;m;2
12;Sebastian;m;2
12;Thomas;m;2
12;Alicia;w;1
12;Fiona;w;1
12;Helin;w;1
12;Martha;w;1
12;Selin;w;1
12;Victoria;w;1
12;Zehra;w;1
12;Antonio;m;1
12;Aras;m;1
12;Bela;m;1
12;Can;m;1
12;Fynn;m;1
12;Jannik;m;1
12;Kaan;m;1
12;Kilian;m;1
12;Lars;m;1
12;Lennard;m;1
12;Luan;m;1
12;Lucas;m;1
12;Mark;m;1
12;Mohamed;m;1
12;Mohammed;m;1
12;Mustafa;m;1
11;Ela;w;2
11;Isabel;w;2
11;Marleen;w;2
11;Mia;w;2
11;Benedikt;m;2
11;Emin;m;2
11;Julian;m;2
11;Leo;m;2
11;Leon;m;2
11;Matthias;m;2
11;Samuel;m;2
11;Amélie;w;1
11;Asya;w;1
11;Enna;w;1
11;Maryam;w;1
11;Melissa;w;1
11;Melody;w;1
11;Theresa;w;1
11;Valentina;w;1
11;Bilal;m;1
11;Johan;m;1
11;Lennart;m;1
11;Lio;m;1
11;Matti;m;1
11;Mohammad;m;1
11;Neo;m;1
11;Oliver;m;1
11;Titus;m;1
11;Tobias;m;1
10;Amalia;w;2
10;Elise;w;2
10;Hannah;w;2
10;Josefine;w;2
10;Lou;w;2
10;Mathilda;w;2
10;Matilda;w;2
10;Pauline;w;2
10;Antonio;m;2
10;Cem;m;2
10;Luis;m;2
10;Oskar;m;2
10;Vincent;m;2
10;Aleyna;w;1
10;Amalia;w;1
10;Azra;w;1
10;Fatima;w;1
10;Isabel;w;1
10;Livia;w;1
10;Malia;w;1
10;Mariam;w;1
10;Miray;w;1
10;Mona;w;1
10;Benedikt;m;1
10;Caspar;m;1
10;Clemens;m;1
10;Lenn;m;1
10;Lian;m;1
10;Luka;m;1
10;Milian;m;1
10;Mio;m;1
10;Phil;m;1
10;Yasin;m;1
10;Yiğit;m;1
9;Christine;w;2
9;Lara;w;2
9;Martha;w;2
9;Rosa;w;2
9;Sara;w;2
9;Viktoria;w;2
9;Christopher;m;2
9;Deniz;m;2
9;Efe;m;2
9;Fritz;m;2
9;Henry;m;2
9;Joseph;m;2
9;Joshua;m;2
9;Levi;m;2
9;Milan;m;2
9;Oliver;m;2
9;Robert;m;2
9;Theo;m;2
9;Alma;w;1
9;Anni;w;1
9;Chiara;w;1
9;Edda;w;1
9;Elise;w;1
9;Emelie;w;1
9;Emilie;w;1
9;Finja;w;1
9;Jasmin;w;1
9;Kira;w;1
9;Lilli;w;1
9;Lotte;w;1
9;Mayla;w;1
9;Vanessa;w;1
9;Alex;m;1
9;Berat;m;1
9;Eymen;m;1
9;Henrik;m;1
9;Hugo;m;1
9;Pepe;m;1
9;Sami;m;1
9;Selim;m;1
8;Sophie;w;3
8;Antonia;w;2
8;Elena;w;2
8;Eva;w;2
8;Helena;w;2
8;Isabelle;w;2
8;Leonie;w;2
8;Lina;w;2
8;Lucia;w;2
8;Mina;w;2
8;Naz;w;2
8;Ben;m;2
8;Elyas;m;2
8;Emir;m;2
8;Georg;m;2
8;Jasper;m;2
8;Lukas;m;2
8;Mattis;m;2
8;Niklas;m;2
8;Oscar;m;2
8;Raphael;m;2
8;Alisa;w;1
8;Alva;w;1
8;Amy;w;1
8;Annika;w;1
8;Dalia;w;1
8;Eleni;w;1
8;Elli;w;1
8;Hira;w;1
8;Jette;w;1
8;Leana;w;1
8;Malou;w;1
8;Marla;w;1
8;Milena;w;1
8;Philippa;w;1
8;Selina;w;1
8;Soraya;w;1
8;Zoé;w;1
8;Abdullah;m;1
8;Adem;m;1
8;Ahmet;m;1
8;Aron;m;1
8;Ayaz;m;1
8;Constantin;m;1
8;Deniz;m;1
8;Diego;m;1
8;Emilian;m;1
8;Enno;m;1
8;Fabio;m;1
8;Ian;m;1
8;Jason;m;1
8;Jayden;m;1
8;Jonte;m;1
8;Julien;m;1
8;Leopold;m;1
8;Lias;m;1
8;Michel;m;1
8;Mikail;m;1
8;Nicolas;m;1
8;Sam;m;1
8;Yunus;m;1
7;Alexandra;w;2
7;Ida;w;2
7;Isabella;w;2
7;Julia;w;2
7;Lena;w;2
7;Liv;w;2
7;Lotta;w;2
7;Magdalena;w;2
7;Michelle;w;2
7;Adrian;m;2
7;Albert;m;2
7;August;m;2
7;Carl;m;2
7;Eren;m;2
7;Florian;m;2
7;Gustav;m;2
7;Johan;m;2
7;Kaan;m;2
7;Linus;m;2
7;Malik;m;2
7;Maria;m;2
7;Max;m;2
7;Osman;m;2
7;Simon;m;2
7;Stefan;m;2
7;Adriana;w;1
7;Alice;w;1
7;Alissa;w;1
7;Bella;w;1
7;Cleo;w;1
7;Daria;w;1
7;Dilara;w;1
7;Emely;w;1
7;Erva;w;1
7;Esila;w;1
7;Franziska;w;1
7;Karla;w;1
7;Leah;w;1
7;Leyla;w;1
7;Medina;w;1
7;Milla;w;1
7;Miriam;w;1
7;Nela;w;1
7;Nika;w;1
7;Nisa;w;1
7;Rosalie;w;1
7;Ruby;w;1
7;Tuana;w;1
7;Valeria;w;1
7;Viktoria;w;1
7;Yasmin;w;1
7;Amir;m;1
7;Dario;m;1
7;Elian;m;1
7;Emin;m;1
7;Ensar;m;1
7;Hendrik;m;1
7;Jon;m;1
7;Joris;m;1
7;Joscha;m;1
7;Juri;m;1
7;Kenan;m;1
7;Kerem;m;1
7;Konrad;m;1
7;Malte;m;1
7;Manuel;m;1
7;Marcel;m;1
7;Pablo;m;1
7;Philip;m;1
7;Rayan;m;1
7;Roman;m;1
7;Youssef;m;1
6;Anton;m;3
6;Maximilian;m;3
6;Paul;m;3
6;Peter;m;3
6;Johanna;w;3
6;Amelie;w;2
6;Barbara;w;2
6;Frieda;w;2
6;Julie;w;2
6;Margarete;w;2
6;Melody;w;2
6;Mira;w;2
6;Olivia;w;2
6;Ronja;w;2
6;Rose;w;2
6;Valentina;w;2
6;Ahmet;m;2
6;Amir;m;2
6;Erik;m;2
6;Franz;m;2
6;Hamza;m;2
6;Justus;m;2
6;Manuel;m;2
6;Ole;m;2
6;Pepe;m;2
6;Robin;m;2
6;Rudolf;m;2
6;William;m;2
6;Ada;w;1
6;Alexandra;w;1
6;Amanda;w;1
6;Amara;w;1
6;Amine;w;1
6;Angelina;w;1
6;Anisa;w;1
6;Annabelle;w;1
6;Ayla;w;1
6;Cataleya;w;1
6;Claire;w;1
6;Diana;w;1
6;Elin;w;1
6;Flora;w;1
6;Hazal;w;1
6;Isabell;w;1
6;Isabelle;w;1
6;Julie;w;1
6;Karlotta;w;1
6;Kiara;w;1
6;Laila;w;1
6;Lana;w;1
6;Lilia;w;1
6;Lorena;w;1
6;Ahmed;m;1
6;Lorin;w;1
6;Alessandro;m;1
6;Lynn;w;1
6;Arda;m;1
6;Mavi;w;1
6;Bennet;m;1
6;Nila;w;1
6;Christopher;m;1
6;Noemi;w;1
6;Colin;m;1
6;Rania;w;1
6;Darian;m;1
6;Ronja;w;1
6;Ediz;m;1
6;Selma;w;1
6;Eliah;m;1
6;Sofie;w;1
6;Elyas;m;1
6;Zara;w;1
6;Enes;m;1
6;Eray;m;1
6;Ferdinand;m;1
6;Giuliano;m;1
6;Ibrahim;m;1
6;Ilias;m;1
6;Imran;m;1
6;Jerome;m;1
6;John;m;1
6;Kadir;m;1
6;Karlo;m;1
6;Lenny;m;1
6;Lion;m;1
6;Lutz;m;1
6;Marc;m;1
6;Marco;m;1
6;Matthias;m;1
6;Michael;m;1
6;Miraç;m;1
6;Rocco;m;1
6;Semih;m;1
6;Severin;m;1
6;Taylan;m;1
6;Tiago;m;1
6;Tilo;m;1
6;Umut;m;1
6;Vito;m;1
6;Yahya;m;1
5;Josef;m;3
5;Charlotte;w;3
5;Elisabeth;w;3
5;Alicia;w;2
5;Azra;w;2
5;Ella;w;2
5;Friederike;w;2
5;Gabriele;w;2
5;Grace;w;2
5;Hanna;w;2
5;Jasmin;w;2
5;Joleen;w;2
5;Lotte;w;2
5;Madita;w;2
5;Mae;w;2
5;Malina;w;2
5;Marina;w;2
5;Mathilde;w;2
5;Medina;w;2
5;Melek;w;2
5;Naomi;w;2
5;Paula;w;2
5;Rosalie;w;2
5;Sena;w;2
5;Thea;w;2
5;Zeynep;w;2
5;Zoe;w;2
5;Bastian;m;2
5;Bernd;m;2
5;Caspar;m;2
5;Constantin;m;2
5;Eduard;m;2
5;Emre;m;2
5;Erich;m;2
5;Eymen;m;2
5;Francesco;m;2
5;Giuseppe;m;2
5;Heinrich;m;2
5;Henrik;m;2
5;John;m;2
5;Leander;m;2
5;Leopold;m;2
5;Mats;m;2
5;Mika;m;2
5;Moritz;m;2
5;Nicolas;m;2
5;Otto;m;2
5;Patrick;m;2
5;Philip;m;2
5;Richard;m;2
5;Sami;m;2
5;Sascha;m;2
5;Talha;m;2
5;Tobias;m;2
5;Tom;m;2
5;Umut;m;2
5;Werner;m;2
5;Wolfgang;m;2
5;Alara;w;1
5;Alena;w;1
5;Aliya;w;1
5;Anouk;w;1
5;Aurora;w;1
5;Carolin;w;1
5;Carolina;w;1
5;Ceylin;w;1
5;Defne;w;1
5;Elissa;w;1
5;Eslem;w;1
5;Ina;w;1
5;Joleen;w;1
5;Linn;w;1
5;Linnea;w;1
5;Lou;w;1
5;Lucia;w;1
5;Lucy;w;1
5;Madeleine;w;1
5;Madita;w;1
5;Malin;w;1
5;Malina;w;1
5;Mariella;w;1
5;Marina;w;1
5;Marleen;w;1
5;Mathea;w;1
5;Melis;w;1
5;Melisa;w;1
5;Alend;m;1
5;Merve;w;1
5;Amar;m;1
5;Michelle;w;1
5;Amin;m;1
5;Mieke;w;1
5;Andreas;m;1
5;Natalie;w;1
5;Arne;m;1
5;Samira;w;1
5;Artin;m;1
5;Yara;w;1
5;Artur;m;1
5;Yuna;w;1
5;Baran;m;1
5;Zoey;w;1
5;Bo;m;1
5;Zümra;w;1
5;Charlie;m;1
5;Christian;m;1
5;Edwin;m;1
5;Eliano;m;1
5;Fiete;m;1
5;Filip;m;1
5;Giuseppe;m;1
5;Halil;m;1
5;Hasan;m;1
5;Jakub;m;1
5;Jamal;m;1
5;Jamie;m;1
5;Jannes;m;1
5;Jaro;m;1
5;Jesse;m;1
5;Jim;m;1
5;Junis;m;1
5;Karim;m;1
5;Kerim;m;1
5;Keyan;m;1
5;Len;m;1
5;Leonas;m;1
5;Leonhard;m;1
5;Leonidas;m;1
5;Markus;m;1
5;Miguel;m;1
5;Miro;m;1
5;Nelio;m;1
5;Niclas;m;1
5;Omar;m;1
5;Peter;m;1
5;Quentin;m;1
5;Salvatore;m;1
5;Samir;m;1
5;Silas;m;1
5;Stefan;m;1
5;Taha;m;1
5;Younes;m;1
4;Alexander;m;3
4;Christian;m;3
4;Rosa;w;3
4;Johann;m;3
4;Johannes;m;3
4;Michael;m;3
4;Wilhelm;m;3
4;Agnes;w;2
4;Alexa;w;2
4;Amélie;w;2
4;Anastasia;w;2
4;Christa;w;2
4;Christiane;w;2
4;Elli;w;2
4;Emily;w;2
4;Erika;w;2
4;Esma;w;2
4;Estelle;w;2
4;Felicitas;w;2
4;Florentine;w;2
4;Henriette;w;2
4;Hermine;w;2
4;Hope;w;2
4;Kaur;w;2
4;Klara;w;2
4;Lia;w;2
4;Lisa;w;2
4;Luana;w;2
4;Mara;w;2
4;Melina;w;2
4;Philippa;w;2
4;Romy;w;2
4;Ruth;w;2
4;Theresa;w;2
4;Theresia;w;2
4;Valeria;w;2
4;Zahra;w;2
4;Aaron;m;2
4;Adam;m;2
4;Alessio;m;2
4;Alp;m;2
4;Amin;m;2
4;André;m;2
4;Angelo;m;2
4;Artur;m;2
4;Bruno;m;2
4;Carlos;m;2
4;Damian;m;2
4;Dean;m;2
4;Emilian;m;2
4;Fabian;m;2
4;Fernando;m;2
4;Frank;m;2
4;Fynn;m;2
4;George;m;2
4;Gerd;m;2
4;Hector;m;2
4;Ibrahim;m;2
4;Isa;m;2
4;James;m;2
4;Jona;m;2
4;Jonah;m;2
4;Kerem;m;2
4;Kurt;m;2
4;Lasse;m;2
4;Leandro;m;2
4;Lennard;m;2
4;Leonas;m;2
4;Luke;m;2
4;Miguel;m;2
4;Mirac;m;2
4;Muhammed;m;2
4;Mustafa;m;2
4;Nathanael;m;2
4;Nepomuk;m;2
4;Pascal;m;2
4;Roman;m;2
4;Salih;m;2
4;Salvatore;m;2
4;Severin;m;2
4;Tim;m;2
4;Tyler;m;2
4;Walter;m;2
4;Willem;m;2
4;Yiğit;m;2
4;Ömer;m;2
4;Aişe;w;1
4;Alexia;w;1
4;Alia;w;1
4;Almina;w;1
4;Ana;w;1
4;Anne;w;1
4;Ariana;w;1
4;Arina;w;1
4;Asel;w;1
4;Aylin;w;1
4;Beatrice;w;1
4;Betül;w;1
4;Charlie;w;1
4;Darya;w;1
4;Dayana;w;1
4;Derin;w;1
4;Dina;w;1
4;Ebrar;w;1
4;Eda;w;1
4;Elanur;w;1
4;Eliza;w;1
4;Ellen;w;1
4;Emina;w;1
4;Emmi;w;1
4;Esther;w;1
4;Felicitas;w;1
4;Florentine;w;1
4;Fritzi;w;1
4;Hatice;w;1
4;Helen;w;1
4;Irma;w;1
4;Jamila;w;1
4;Jolina;w;1
4;Karina;w;1
4;Laia;w;1
4;Larissa;w;1
4;Lavin;w;1
4;Lea-Sophie;w;1
4;Adil;m;1
4;Lene;w;1
4;Adriano;m;1
4;Lenya;w;1
4;Alan;m;1
4;Letizia;w;1
4;Alexis;m;1
4;Leya;w;1
4;Andrej;m;1
4;Liah;w;1
4;Angelo;m;1
4;Liana;w;1
4;Atilla;m;1
4;Liliana;w;1
4;Ayman;m;1
4;Lilith;w;1
4;Batu;m;1
4;Lily;w;1
4;Bryan;m;1
4;Liz;w;1
4;Casper;m;1
4;Louise;w;1
4;Charles;m;1
4;Malak;w;1
4;Dante;m;1
4;Marlena;w;1
4;Davide;m;1
4;Marta;w;1
4;Dominik;m;1
4;Melia;w;1
4;Efe;m;1
4;Meliha;w;1
4;Elijah;m;1
4;Milana;w;1
4;Emanuel;m;1
4;Narin;w;1
4;Emirhan;m;1
4;Neele;w;1
4;Emre;m;1
4;Nia;w;1
4;Franz;m;1
4;Noa;w;1
4;Friedrich;m;1
4;Nour;w;1
4;Harun;m;1
4;Pelin;w;1
4;Hektor;m;1
4;Safia;w;1
4;Ilay;m;1
4;Safiya;w;1
4;Ivan;m;1
4;Sherin;w;1
4;James;m;1
4;Smilla;w;1
4;Janne;m;1
4;Sunny;w;1
4;Jano;m;1
4;Tessa;w;1
4;Janosch;m;1
4;Xenia;w;1
4;Josef;m;1
4;Zahra;w;1
4;José;m;1
4;Zeyneb;w;1
4;Kai;m;1
4;Kalle;m;1
4;Kevin;m;1
4;Koray;m;1
4;Kuzey;m;1
4;Leander;m;1
4;Lennox;m;1
4;Lionel;m;1
4;Ludwig;m;1
4;Mahir;m;1
4;Martin;m;1
4;Marvin;m;1
4;Matheo;m;1
4;Mathis;m;1
4;Mattes;m;1
4;Maurice;m;1
4;Miko;m;1
4;Natan;m;1
4;Niko;m;1
4;Noa;m;1
4;Otis;m;1
4;Ozan;m;1
4;Quinn;m;1
4;Richard;m;1
4;Robert;m;1
4;Ruben;m;1
4;Ryan;m;1
4;Said;m;1
4;Thiago;m;1
4;Thilo;m;1
4;Thomas;m;1
4;Timon;m;1
4;Timur;m;1
4;Tyler;m;1
4;Valentino;m;1
4;Victor;m;1
4;Vincenzo;m;1
4;Yannick;m;1
4;Yannik;m;1
4;Yaron;m;1
4;Zakaria;m;1
4;Çınar;m;1
3;Luise;w;3
3;Margarete;w;3
3;qizi;w;3
3;Sophia;w;3
3;Herbert;m;3
3;Otto;m;3
3;Theodor;m;3
3;Ada;w;2
3;Amelia;w;2
3;Ann;w;2
3;Anouk;w;2
3;Aurelia;w;2
3;Ava;w;2
3;Betül;w;2
3;Cataleya;w;2
3;Celine;w;2
3;Cornelia;w;2
3;Eleonora;w;2
3;Eliana;w;2
3;Eliza;w;2
3;Emilie;w;2
3;Fatima;w;2
3;Fee;w;2
3;Francesca;w;2
3;Franziska;w;2
3;Freya;w;2
3;Fritzi;w;2
3;Gül;w;2
3;Hafsa;w;2
3;Isabell;w;2
3;Jolie;w;2
3;Josephin;w;2
3;Juli;w;2
3;Juna;w;2
3;Karolina;w;2
3;Kate;w;2
3;Lea;w;2
3;Leandra;w;2
3;Leia;w;2
3;Lene;w;2
3;Leonora;w;2
3;Leyla;w;2
3;Lilia;w;2
3;Linn;w;2
3;Liya;w;2
3;Luz;w;2
3;Mailin;w;2
3;Maja;w;2
3;Malia;w;2
3;Margret;w;2
3;Mari;w;2
3;Matea;w;2
3;Merle;w;2
3;Michaela;w;2
3;Mila;w;2
3;Milena;w;2
3;Monika;w;2
3;Nami;w;2
3;Nele;w;2
3;Nora;w;2
3;Paulina;w;2
3;Petra;w;2
3;Pia;w;2
3;Rabia;w;2
3;Sare;w;2
3;Alfred;m;2
3;Simone;w;2
3;Anh;m;2
3;Sultan;w;2
3;Aras;m;2
3;Tanja;w;2
3;Aziz;m;2
3;Ulrike;w;2
3;Bennet;m;2
3;Ursula;w;2
3;Bent;m;2
3;Vera;w;2
3;Bernhard;m;2
3;Veronika;w;2
3;Bo;m;2
3;Zoé;w;2
3;Burhan;m;2
3;Carlo;m;2
3;Charlie;m;2
3;Christoph;m;2
3;Cornelius;m;2
3;Demir;m;2
3;Dieter;m;2
3;Edgar;m;2
3;Elia;m;2
3;Emilio;m;2
3;Enes;m;2
3;Ensar;m;2
3;Eric;m;2
3;Farhan;m;2
3;Fiete;m;2
3;Frederick;m;2
3;Fridolin;m;2
3;Gregor;m;2
3;Halil;m;2
3;Hanno;m;2
3;Harald;m;2
3;Hasan;m;2
3;Haydar;m;2
3;Henryk;m;2
3;İbrahim;m;2
3;Ioannis;m;2
3;Jacob;m;2
3;Jaron;m;2
3;Joachim;m;2
3;Jordan;m;2
3;José;m;2
3;Julien;m;2
3;Juri;m;2
3;Jürgen;m;2
3;Kai;m;2
3;Kamil;m;2
3;Kemal;m;2
3;Kilian;m;2
3;Klaus;m;2
3;Kofi;m;2
3;Krasimirov;m;2
3;Lennart;m;2
3;Leonardo;m;2
3;Leonidas;m;2
3;Lian;m;2
3;Luan;m;2
3;Lucas;m;2
3;Malte;m;2
3;Marc;m;2
3;Marcel;m;2
3;Marco;m;2
3;Marek;m;2
3;Mario;m;2
3;Marius;m;2
3;Markus;m;2
3;Marlon;m;2
3;Mateo;m;2
3;Maxim;m;2
3;Mehmet;m;2
3;Mert;m;2
3;Metin;m;2
3;Michel;m;2
3;Milo;m;2
3;Mio;m;2
3;Mohamed;m;2
3;Musa;m;2
3;Nikolaus;m;2
3;Olaf;m;2
3;Pio;m;2
3;Ralf;m;2
3;René;m;2
3;Roland;m;2
3;Said;m;2
3;Taha;m;2
3;Thorsten;m;2
3;Till;m;2
3;Yunus;m;2
3;Aaliyah;w;1
3;Adelina;w;1
3;Aida;w;1
3;Ajla;w;1
3;Alaa;w;1
3;Alba;w;1
3;Alexa;w;1
3;Almira;w;1
3;Alya;w;1
3;Amilia;w;1
3;Annabell;w;1
3;Annelie;w;1
3;Asiya;w;1
3;Beren;w;1
3;Beyza;w;1
3;Catalina;w;1
3;Celine;w;1
3;Ceren;w;1
3;Ceyda;w;1
3;Christina;w;1
3;Clarissa;w;1
3;Damla;w;1
3;Dana;w;1
3;Despina;w;1
3;Destiny;w;1
3;Dilay;w;1
3;Ece;w;1
3;Eliz;w;1
3;Ellie;w;1
3;Elodie;w;1
3;Elsa;w;1
3;Emilya;w;1
3;Enya;w;1
3;Esma;w;1
3;Esra;w;1
3;Evelyn;w;1
3;Evin;w;1
3;Feline;w;1
3;Filippa;w;1
3;Franka;w;1
3;Gloria;w;1
3;Hailey;w;1
3;Alejandro;m;1
3;Hana;w;1
3;Alois;m;1
3;Helene;w;1
3;Alp;m;1
3;Henriette;w;1
3;Alparslan;m;1
3;Hilal;w;1
3;Alperen;m;1
3;Hosna;w;1
3;Amos;m;1
3;Ikra;w;1
3;Aran;m;1
3;Inaya;w;1
3;Ari;m;1
3;Inga;w;1
3;Armin;m;1
3;Irem;w;1
3;Ayan;m;1
3;Iva;w;1
3;Bastian;m;1
3;Ivy;w;1
3;Bent;m;1
3;Jonna;w;1
3;Berkay;m;1
3;Josephin;w;1
3;Boris;m;1
3;Juli;w;1
3;Brian;m;1
3;Karolina;w;1
3;Cem;m;1
3;Khadija;w;1
3;Collin;m;1
3;Kiana;w;1
3;Cristiano;m;1
3;Kim;w;1
3;Darin;m;1
3;Lale;w;1
3;Davin;m;1
3;Leandra;w;1
3;Dennis;m;1
3;Leila;w;1
3;Devin;m;1
3;Lenja;w;1
3;Devran;m;1
3;Leona;w;1
3;Devrim;m;1
3;Leonora;w;1
3;Dian;m;1
3;Leticia;w;1
3;Dominic;m;1
3;Lilou;w;1
3;Eduard;m;1
3;Lin;w;1
3;Edward;m;1
3;Loki;w;1
3;Elia;m;1
3;Lola;w;1
3;Elliot;m;1
3;Lucie;w;1
3;Elvin;m;1
3;Maila;w;1
3;Elyesa;m;1
3;Mariana;w;1
3;Emiliano;m;1
3;Medine;w;1
3;Ertuğrul;m;1
3;Melike;w;1
3;Falk;m;1
3;Meyra;w;1
3;Fatih;m;1
3;Milou;w;1
3;Felipe;m;1
3;Nadia;w;1
3;Flavio;m;1
3;Nahla;w;1
3;Francesco;m;1
3;Naya;w;1
3;Gabriele;m;1
3;Nayla;w;1
3;George;m;1
3;Nazlı;w;1
3;Gianluca;m;1
3;Nelly;w;1
3;Gianni;m;1
3;Noelia;w;1
3;Hanno;m;1
3;Norah;w;1
3;Ilja;m;1
3;Pina;w;1
3;Ioannis;m;1
3;Polly;w;1
3;Ishak;m;1
3;Rabia;w;1
3;Iyed;m;1
3;Rana;w;1
3;Jaron;m;1
3;Rebecca;w;1
3;Jawad;m;1
3;Safa;w;1
3;Jordan;m;1
3;Salma;w;1
3;Joseph;m;1
3;Sena;w;1
3;Justin;m;1
3;Shana;w;1
3;Karol;m;1
3;Sıla;w;1
3;Laurenz;m;1
3;Simay;w;1
3;Laurin;m;1
3;Tara;w;1
3;Leano;m;1
3;Tasnim;w;1
3;Leif;m;1
3;Valerie;w;1
3;Lino;m;1
3;Viola;w;1
3;Lorenz;m;1
3;Yaren;w;1
3;Lorik;m;1
3;Yağmur;w;1
3;Luano;m;1
3;Youssra;w;1
3;Magnus;m;1
3;Malek;m;1
3;Marcello;m;1
3;Mario;m;1
3;Mathias;m;1
3;Matthis;m;1
3;Melih;m;1
3;Mete;m;1
3;Metehan;m;1
3;Mikael;m;1
3;Mike;m;1
3;Mirac;m;1
3;Moses;m;1
3;Moussa;m;1
3;Muhammad;m;1
3;Musa;m;1
3;Nathan;m;1
3;Nelson;m;1
3;Nikita;m;1
3;Nuno;m;1
3;Nuri;m;1
3;Onur;m;1
3;Osman;m;1
3;Patrick;m;1
3;Phileas;m;1
3;Phillip;m;1
3;Rion;m;1
3;Rosario;m;1
3;Seyyid;m;1
3;Sinan;m;1
3;Sivan;m;1
3;Talha;m;1
3;Taro;m;1
3;Teo;m;1
3;Thore;m;1
3;Til;m;1
3;Willem;m;1
3;William;m;1
3;Yakup;m;1
3;Yassin;m;1
3;Yigit;m;1
3;Yunes;m;1
2;Hubertus;m;4
2;Katharina;w;4
2;Toku;m;4
2;Angelika;w;3
2;Anna;w;3
2;Barbara;w;3
2;Adem;m;3
2;Carla;w;3
2;Alfons;m;3
2;Emilie;w;3
2;Ali;m;3
2;Gerda;w;3
2;Andreas;m;3
2;Gisela;w;3
2;Arthur;m;3
2;Helene;w;3
2;Ben;m;3
2;Johanne;w;3
2;Dieter;m;3
2;Katharina;w;3
2;Elias;m;3
2;Lou;w;3
2;Friedrich;m;3
2;Louise;w;3
2;Georg;m;3
2;Rose;w;3
2;Hakan;m;3
2;Sofia;w;3
2;Heinrich;m;3
2;Tomova;w;3
2;Hermann;m;3
2;Viktoria;w;3
2;Jakob;m;3
2;Joachim;m;3
2;Julius;m;3
2;Kasimir;m;3
2;Khoa;m;3
2;Manfred;m;3
2;Maria;m;3
2;Noah;m;3
2;Oskar;m;3
2;Rainer;m;3
2;Salem;m;3
2;Severin;m;3
2;Walter;m;3
2;Werner;m;3
2;;w;2
2;Adriana;w;2
2;Agnieszka;w;2
2;Agrippina;w;2
2;Aleksandrova;w;2
2;Alessia;w;2
2;Alexia;w;2
2;Alice;w;2
2;Alva;w;2
2;Amalie;w;2
2;Amira;w;2
2;Andrea;w;2
2;Angelika;w;2
2;Anita;w;2
2;Annabelle;w;2
2;Anni;w;2
2;Apollonia;w;2
2;Aria;w;2
2;Ariana;w;2
2;Astrid;w;2
2;Avin;w;2
2;Aylin;w;2
2;Babette;w;2
2;Banu;w;2
2;Carina;w;2
2;Carla;w;2
2;Carolin;w;2
2;Carolina;w;2
2;Caroline;w;2
2;Chanel;w;2
2;Cheyenne;w;2
2;Christina;w;2
2;Concetta;w;2
2;Cristina;w;2
2;Denisa;w;2
2;Diana;w;2
2;Doris;w;2
2;Ece;w;2
2;Eda;w;2
2;Elfi;w;2
2;Eliz;w;2
2;Ellen;w;2
2;Emma;w;2
2;Esila;w;2
2;Eve;w;2
2;Eylül;w;2
2;Fabienne;w;2
2;Felice;w;2
2;Felicia;w;2
2;Feline;w;2
2;Filippa;w;2
2;Fiona;w;2
2;Gabriella;w;2
2;Gisèle;w;2
2;Helen;w;2
2;Hifa;w;2
2;Ilse;w;2
2;Ina;w;2
2;Ingeborg;w;2
2;Ivanova;w;2
2;Jael;w;2
2;Jana;w;2
2;Jane;w;2
2;Jolene;w;2
2;Joline;w;2
2;Josefin;w;2
2;June;w;2
2;Kaja;w;2
2;Karla;w;2
2;Karlotta;w;2
2;Kim;w;2
2;Konstantina;w;2
2;Kübra;w;2
2;Larissa;w;2
2;Laura;w;2
2;Li;w;2
2;Lidia;w;2
2;;m;2
2;Lieselotte;w;2
2;Abdullah;m;2
2;Lili;w;2
2;Abraham;m;2
2;Lilly;w;2
2;Adrien;m;2
2;Linnea;w;2
2;Ahmad;m;2
2;Liz;w;2
2;Alan;m;2
2;Loni;w;2
2;Alfons;m;2
2;Lorena;w;2
2;Alois;m;2
2;Lorin;w;2
2;Alper;m;2
2;Lucy;w;2
2;Ammar;m;2
2;Luna;w;2
2;Antonino;m;2
2;Lynn;w;2
2;Antonius;m;2
2;Magdalene;w;2
2;Arda;m;2
2;Malin;w;2
2;Arif;m;2
2;Margareta;w;2
2;Armin;m;2
2;Mariam;w;2
2;Arne;m;2
2;Mariana;w;2
2;Arno;m;2
2;Marianna;w;2
2;Arthur;m;2
2;Marianne;w;2
2;Asaf;m;2
2;Marlen;w;2
2;Ata;m;2
2;Marli;w;2
2;Aurelius;m;2
2;Mathea;w;2
2;Ayaz;m;2
2;Maya;w;2
2;Azim;m;2
2;Melin;w;2
2;Baki;m;2
2;Mercan;w;2
2;Balthasar;m;2
2;Meryem;w;2
2;Bela;m;2
2;Meta;w;2
2;Benito;m;2
2;Milla;w;2
2;Bentley;m;2
2;Minou;w;2
2;Bjarne;m;2
2;Nerea;w;2
2;Canel;m;2
2;Nicole;w;2
2;Carmine;m;2
2;Noa;w;2
2;Casper;m;2
2;Panagiota;w;2
2;Chris;m;2
2;Penelope;w;2
2;Christos;m;2
2;Philine;w;2
2;Cihan;m;2
2;Polly;w;2
2;Colin;m;2
2;Ravza;w;2
2;Dennis;m;2
2;Rebecca;w;2
2;Derek;m;2
2;Regina;w;2
2;Diego;m;2
2;Renée;w;2
2;Dursun;m;2
2;Ria;w;2
2;Ege;m;2
2;Ricarda;w;2
2;Elian;m;2
2;Rosemarie;w;2
2;Eliano;m;2
2;Ruby;w;2
2;Elija;m;2
2;Rüya;w;2
2;Emanuel;m;2
2;Sadar;w;2
2;Emmanuel;m;2
2;Sahra;w;2
2;Emmett;m;2
2;Salome;w;2
2;Engelbert;m;2
2;Sarah;w;2
2;Enzo;m;2
2;Selma;w;2
2;Ertuğrul;m;2
2;Serra;w;2
2;Fabio;m;2
2;Serwaa;w;2
2;Fevzi;m;2
2;Sofi;w;2
2;Filip;m;2
2;Soraya;w;2
2;Fred;m;2
2;Stine;w;2
2;Friedemann;m;2
2;Susan;w;2
2;Gerald;m;2
2;Susanne;w;2
2;Gerhard;m;2
2;Tamara;w;2
2;Giancarlo;m;2
2;Teresa;w;2
2;Giuliano;m;2
2;Thalia;w;2
2;Günter;m;2
2;Tilda;w;2
2;Han;m;2
2;Trixi;w;2
2;Hannes;m;2
2;Valerie;w;2
2;Hans;m;2
2;Vanessa;w;2
2;Heinz;m;2
2;Vincenza;w;2
2;Helmut;m;2
2;Yasmin;w;2
2;Henning;m;2
2;Zehra;w;2
2;Hugo;m;2
2;Zoey;w;2
2;Hussein;m;2
2;Zümra;w;2
2;Ilay;m;2
2;Ilyas;m;2
2;Immanuel;m;2
2;Ismail;m;2
2;Ivo;m;2
2;Jack;m;2
2;Jackson;m;2
2;Jacques;m;2
2;Jamal;m;2
2;Janek;m;2
2;Jannik;m;2
2;Jari;m;2
2;Jason;m;2
2;Jay;m;2
2;Jeremia;m;2
2;Jesper;m;2
2;Jim;m;2
2;Joe;m;2
2;Jon;m;2
2;Jorge;m;2
2;Joris;m;2
2;Jules;m;2
2;Junior;m;2
2;Kadir;m;2
2;Kamal;m;2
2;Karl-Heinz;m;2
2;Kaspar;m;2
2;Kayden;m;2
2;Kağan;m;2
2;Konrad;m;2
2;Kristian;m;2
2;Laurin;m;2
2;Leonel;m;2
2;Leonhard;m;2
2;Levin;m;2
2;Lino;m;2
2;Lio;m;2
2;Lorenzo;m;2
2;Ludwig;m;2
2;Luiz;m;2
2;Mahir;m;2
2;Marcus;m;2
2;Marian;m;2
2;Mark;m;2
2;Marvin;m;2
2;Matheo;m;2
2;Mathis;m;2
2;Matthes;m;2
2;Matti;m;2
2;Maurice;m;2
2;Mica;m;2
2;Mihai;m;2
2;Milchev;m;2
2;Minh;m;2
2;Miraç;m;2
2;Mohammed;m;2
2;Nabil;m;2
2;Nathaniel;m;2
2;Neo;m;2
2;Nicholas;m;2
2;Niclas;m;2
2;Nikolas;m;2
2;Noan;m;2
2;Norbert;m;2
2;Nouri;m;2
2;Ove;m;2
2;Petrov;m;2
2;Rafael;m;2
2;Reinhold;m;2
2;Ricardo;m;2
2;Riza;m;2
2;Roberto;m;2
2;Roger;m;2
2;Ruben;m;2
2;Ryan;m;2
2;Salim;m;2
2;Salvador;m;2
2;Sam;m;2
2;Samson;m;2
2;Selim;m;2
2;Sky;m;2
2;Steffen;m;2
2;Taylan;m;2
2;Tiberius;m;2
2;Timm;m;2
2;Titus;m;2
2;Toprak;m;2
2;Vincenzo;m;2
2;Vito;m;2
2;Vitus;m;2
2;Volker;m;2
2;Willi;m;2
2;Wojciech;m;2
2;Zain;m;2
2;Étienne;m;2
2;Aaliya;w;1
2;Adama;w;1
2;Adar;w;1
2;Adea;w;1
2;Aimée;w;1
2;Aischa;w;1
2;Aisha;w;1
2;Alana;w;1
2;Alea;w;1
2;Alenia;w;1
2;Aliyah;w;1
2;Amal;w;1
2;Amely;w;1
2;Amra;w;1
2;Anastasija;w;1
2;Andia;w;1
2;Angela;w;1
2;Anita;w;1
2;Anna-Lena;w;1
2;Annabel;w;1
2;Antonie;w;1
2;Aria;w;1
2;Arya;w;1
2;Asia;w;1
2;Asli;w;1
2;Asmin;w;1
2;Ayda;w;1
2;Ayça;w;1
2;Ayşe;w;1
2;Barbara;w;1
2;Belinay;w;1
2;Berenike;w;1
2;Beritan;w;1
2;Berra;w;1
2;Betty;w;1
2;Cansu;w;1
2;Carlie;w;1
2;Caroline;w;1
2;Cathy;w;1
2;Celin;w;1
2;Chanel;w;1
2;Chayenne;w;1
2;Abdallah;m;1
2;Cheyenne;w;1
2;Abdulrahman;m;1
2;Christine;w;1
2;Abdurahman;m;1
2;Cora;w;1
2;Abdurrahman;m;1
2;Cécilia;w;1
2;Abraham;m;1
2;Céline;w;1
2;Adian;m;1
2;Dalina;w;1
2;Adnan;m;1
2;Daniela;w;1
2;Aidan;m;1
2;Darina;w;1
2;Aiden;m;1
2;Davina;w;1
2;Ajan;m;1
2;Debora;w;1
2;Alaz;m;1
2;Delia;w;1
2;Aleksandar;m;1
2;Delina;w;1
2;Alen;m;1
2;Dila;w;1
2;Aliyar;m;1
2;Dorothea;w;1
2;Alpaslan;m;1
2;Dunya;w;1
2;Amiel;m;1
2;Eden;w;1
2;Ammar;m;1
2;Edina;w;1
2;Anas;m;1
2;Egzona;w;1
2;Andrei;m;1
2;Ekaterina;w;1
2;André;m;1
2;Elaine;w;1
2;Angelos;m;1
2;Elara;w;1
2;Anthony;m;1
2;Elea;w;1
2;Antonius;m;1
2;Elenia;w;1
2;Antony;m;1
2;Eleysa;w;1
2;Aram;m;1
2;Eliana;w;1
2;Arjen;m;1
2;Elida;w;1
2;Artiom;m;1
2;Elisea;w;1
2;Asan;m;1
2;Elizabeth;w;1
2;Asım;m;1
2;Elizan;w;1
2;Ata;m;1
2;Elmira;w;1
2;Atakan;m;1
2;Emel;w;1
2;Aurelio;m;1
2;Emine;w;1
2;Ayas;m;1
2;Enie;w;1
2;Ayoub;m;1
2;Esin;w;1
2;Azad;m;1
2;Estelle;w;1
2;Bajram;m;1
2;Evelin;w;1
2;Baldur;m;1
2;Fabienne;w;1
2;Batuhan;m;1
2;Fanta;w;1
2;Beran;m;1
2;Fatma;w;1
2;Bernardo;m;1
2;Felicia;w;1
2;Burak;m;1
2;Felina;w;1
2;Buray;m;1
2;Feride;w;1
2;Béla;m;1
2;Fine;w;1
2;Bünyamin;m;1
2;Fleur;w;1
2;Carlos;m;1
2;Florentina;w;1
2;Chahine;m;1
2;Francesca;w;1
2;Christos;m;1
2;Gabriela;w;1
2;Ciro;m;1
2;Giada;w;1
2;Connor;m;1
2;Gjemile;w;1
2;Dalyan;m;1
2;Gretchen;w;1
2;Damien;m;1
2;Hajar;w;1
2;Damir;m;1
2;Halime;w;1
2;Dan;m;1
2;Hanne;w;1
2;Daniele;m;1
2;Hayat;w;1
2;Danilo;m;1
2;Hedda;w;1
2;Darko;m;1
2;Hedi;w;1
2;Demba;m;1
2;Hiba;w;1
2;Denis;m;1
2;Hilda;w;1
2;Dimitar;m;1
2;Hilde;w;1
2;Dino;m;1
2;Ilenia;w;1
2;Dion;m;1
2;Ileyna;w;1
2;Diyako;m;1
2;Ilvy;w;1
2;Diyar;m;1
2;Imke;w;1
2;Don;m;1
2;Ines;w;1
2;Dylan;m;1
2;İrem;w;1
2;Dzenan;m;1
2;Isa;w;1
2;Eddie;m;1
2;Isra;w;1
2;Eldin;m;1
2;Ivana;w;1
2;Eliyas;m;1
2;Ivie;w;1
2;Enrique;m;1
2;Iwa;w;1
2;Eris;m;1
2;Jael;w;1
2;Eyüp;m;1
2;Janna;w;1
2;Faris;m;1
2;Janne;w;1
2;Fernando;m;1
2;Jasmina;w;1
2;Ferris;m;1
2;Jean;w;1
2;Finnick;m;1
2;Jil;w;1
2;Flint;m;1
2;Jill;w;1
2;Fred;m;1
2;Joan;w;1
2;Fridolin;m;1
2;Joline;w;1
2;Furkan;m;1
2;Jona;w;1
2;Gaetano;m;1
2;Judith;w;1
2;Georgios;m;1
2;Jula;w;1
2;Gero;m;1
2;Juliana;w;1
2;Gian;m;1
2;Kaia;w;1
2;Giovanni;m;1
2;Kamila;w;1
2;Gregor;m;1
2;Karoline;w;1
2;Gustaf;m;1
2;Kenza;w;1
2;Gustav;m;1
2;Kowsar;w;1
2;Güney;m;1
2;Kristina;w;1
2;Habib;m;1
2;Lahja;w;1
2;Hanna;m;1
2;Lania;w;1
2;Hannnes;m;1
2;Larin;w;1
2;Hans;m;1
2;Larisa;w;1
2;Hector;m;1
2;Layla;w;1
2;Henning;m;1
2;Lejla;w;1
2;Hüseyin;m;1
2;Leoni;w;1
2;İbrahim;m;1
2;Levke;w;1
2;Ilian;m;1
2;Leyna;w;1
2;Ilija;m;1
2;Lidia;w;1
2;Ilkay;m;1
2;Lieselotte;w;1
2;İlyas;m;1
2;Lili;w;1
2;İsa;m;1
2;Lille;w;1
2;Isai;m;1
2;Lillian;w;1
2;İshak;m;1
2;Lio;w;1
2;Iyad;m;1
2;Liora;w;1
2;Jack;m;1
2;Lisann;w;1
2;Jalil;m;1
2;Lisbeth;w;1
2;Jari;m;1
2;Liselotte;w;1
2;Jarik;m;1
2;Liva;w;1
2;Jeremy;m;1
2;Lordina;w;1
2;Joan;m;1
2;Lotti;w;1
2;Johnny;m;1
2;Lucile;w;1
2;Jonne;m;1
2;Luzi;w;1
2;Jorik;m;1
2;Luzie;w;1
2;Junes;m;1
2;Lya;w;1
2;Jusuf;m;1
2;Maali;w;1
2;Kacper;m;1
2;Mahinur;w;1
2;Karam;m;1
2;Maia;w;1
2;Keno;m;1
2;Maide;w;1
2;Khaled;m;1
2;Malea;w;1
2;Khalil;m;1
2;Manal;w;1
2;Kiano;m;1
2;Margarethe;w;1
2;Kirill;m;1
2;Marieke;w;1
2;Kiyan;m;1
2;Marilou;w;1
2;Knut;m;1
2;Maroua;w;1
2;Konstantinos;m;1
2;Marwa;w;1
2;Kristian;m;1
2;Mathilde;w;1
2;Kubilay;m;1
2;Maxi;w;1
2;Lean;m;1
2;Maxima;w;1
2;Leart;m;1
2;May;w;1
2;Leonel;m;1
2;Melanie;w;1
2;Leonid;m;1
2;Melda;w;1
2;Levy;m;1
2;Melinda;w;1
2;Lewin;m;1
2;Mercy;w;1
2;Livan;m;1
2;Meva;w;1
2;Logan;m;1
2;Mia-Sophie;w;1
2;Lorenzo;m;1
2;Mihrimah;w;1
2;Lounis;m;1
2;Mileen;w;1
2;Luc;m;1
2;Mimi;w;1
2;Luigi;m;1
2;Minea;w;1
2;Luk;m;1
2;Minel;w;1
2;Lunis;m;1
2;Miral;w;1
2;László;m;1
2;Mo;w;1
2;Mads;m;1
2;Nada;w;1
2;Mailo;m;1
2;Nala;w;1
2;Mak;m;1
2;Naomi;w;1
2;Makdad;m;1
2;Nelia;w;1
2;Marlo;m;1
2;Nena;w;1
2;Marten;m;1
2;Neyla;w;1
2;Matias;m;1
2;Nike;w;1
2;Maximiliano;m;1
2;Nikita;w;1
2;Melvin;m;1
2;Nil;w;1
2;Mervan;m;1
2;Noor;w;1
2;Micha;m;1
2;Oliwia;w;1
2;Migel;m;1
2;Ona;w;1
2;Milad;m;1
2;Palina;w;1
2;Milano;m;1
2;Paola;w;1
2;Milat;m;1
2;Pippa;w;1
2;Milow;m;1
2;Piya;w;1
2;Mirkan;m;1
2;Pola;w;1
2;Mirza;m;1
2;Polina;w;1
2;Muhamed;m;1
2;Princess;w;1
2;Murat;m;1
2;Rachel;w;1
2;Musab;m;1
2;Rahel;w;1
2;Mussa;m;1
2;Ravza;w;1
2;Nabil;m;1
2;Raya;w;1
2;Nael;m;1
2;Reyyan;w;1
2;Nikan;m;1
2;Riley;w;1
2;Nikodem;m;1
2;Rim;w;1
2;Nima;m;1
2;Rojda;w;1
2;Noam;m;1
2;Romayssa;w;1
2;Noan;m;1
2;Romi;w;1
2;Noar;m;1
2;Romina;w;1
2;Nolan;m;1
2;Rosel;w;1
2;Noé;m;1
2;Rosie;w;1
2;Odin;m;1
2;Roya;w;1
2;Oğuz;m;1
2;Roza;w;1
2;Pascal;m;1
2;Rubi;w;1
2;Peer;m;1
2;Rüya;w;1
2;Pit;m;1
2;Sabah;w;1
2;Raffaele;m;1
2;Sahar;w;1
2;Rami;m;1
2;Samantha;w;1
2;Ramon;m;1
2;Samiya;w;1
2;Remo;m;1
2;Sare;w;1
2;Riad;m;1
2;Sarina;w;1
2;Rian;m;1
2;Saya;w;1
2;Rico;m;1
2;Semra;w;1
2;Roberto;m;1
2;Sevda;w;1
2;Romeo;m;1
2;Shams;w;1
2;Roni;m;1
2;Shanaya;w;1
2;Ruven;m;1
2;Sharon;w;1
2;Salih;m;1
2;Shirin;w;1
2;Salim;m;1
2;Sidra;w;1
2;Sammy;m;1
2;Silviya;w;1
2;Samy;m;1
2;Sina;w;1
2;Sandro;m;1
2;Sinem;w;1
2;Santino;m;1
2;Sira;w;1
2;Sem;m;1
2;Stephanie;w;1
2;Seyed;m;1
2;Sumaya;w;1
2;Seyit;m;1
2;Sumeja;w;1
2;Simeon;m;1
2;Svea;w;1
2;Siyar;m;1
2;Tabea;w;1
2;Sofian;m;1
2;Talia;w;1
2;Soufian;m;1
2;Taliya;w;1
2;Syed;m;1
2;Tamara;w;1
2;Tammo;m;1
2;Tiara;w;1
2;Tekin;m;1
2;Toni;w;1
2;Thorben;m;1
2;Tuba;w;1
2;Tiam;m;1
2;Uma;w;1
2;Timm;m;1
2;Veronika;w;1
2;Tino;m;1
2;Vesna;w;1
2;Tizian;m;1
2;Viana;w;1
2;Tolga;m;1
2;Vittoria;w;1
2;Toprak;m;1
2;Viyan;w;1
2;Valerio;m;1
2;Wilma;w;1
2;Viktor;m;1
2;Yael;w;1
2;Vitus;m;1
2;Yamina;w;1
2;Walid;m;1
2;Yasmina;w;1
2;Wasim;m;1
2;Yasmine;w;1
2;Willi;m;1
2;Zelal;w;1
2;Yannis;m;1
2;Zeyna;w;1
2;Yavuz;m;1
2;Zina;w;1
2;Yonah;m;1
2;Zofia;w;1
2;Yoshua;m;1
2;Özge;w;1
2;Yusein;m;1
2;Şefika;w;1
2;Yuşa;m;1
2;Ziad;m;1
1;Maria;m;7
1;Maria;w;7
1;Sixtus;m;6
1;Elisabeth;w;6
1;Nikolaus;w;6
1;Adedoyin;m;5
1;Jakob;w;5
1;Adrian;m;5
1;Josephine;w;5
1;Conan;m;5
1;Stephanie;w;5
1;Davit;m;5
1;Victor;m;5
1;Eliza;w;4
1;Afom;m;4
1;Erna;w;4
1;Alfred;m;4
1;Ferdinande;w;4
1;Alvaro;m;4
1;Ingrid;w;4
1;Amatus;m;4
1;Irene;w;4
1;Bombastus;m;4
1;Jolie;w;4
1;Bruno;m;4
1;Maria;w;4
1;Eberhard;m;4
1;Marie;w;4
1;Eddin;m;4
1;Micheline;w;4
1;Eliah;m;4
1;Moritz;w;4
1;Franko;m;4
1;Pantera;w;4
1;Gamal;m;4
1;Pauline;w;4
1;Jakob;m;4
1;Petra;w;4
1;Karl;m;4
1;Sophie;w;4
1;Mael;m;4
1;Teresa;w;4
1;Maria;m;4
1;Martin;m;4
1;Maxim;m;4
1;Maximilian;m;4
1;Nassar;m;4
1;Nikolaus;m;4
1;Olabanji;m;4
1;Robert;m;4
1;Stephanus;m;4
1;Theodor;m;4
1;Ulrich;m;4
1;Wolfgang;m;4
1;Abu;w;3
1;Adriane;w;3
1;Adzo;w;3
1;Alaïa;w;3
1;Aleksandra;w;3
1;Aloisia;w;3
1;Amari;w;3
1;Amidala;w;3
1;Anaëlle;w;3
1;Angelou;w;3
1;Anita;w;3
1;Anka;w;3
1;Ann-Christin;w;3
1;Annemarie;w;3
1;Aaron;m;3
1;Annikki;w;3
1;Abram;m;3
1;Antoinette;w;3
1;Adjoa;m;3
1;Anuschka;w;3
1;Adriaan;m;3
1;Aroha;w;3
1;Adrian;m;3
1;Aurika;w;3
1;Adriano;m;3
1;Aurora;w;3
1;Ahmed;m;3
1;Ava;w;3
1;Ajawou;m;3
1;Awa;w;3
1;Alaa;m;3
1;Beatrice;w;3
1;Alain;m;3
1;Belinay;w;3
1;Albert;m;3
1;Belén;w;3
1;Alessandro;m;3
1;Benedetta;w;3
1;Alexis;m;3
1;Bernadette;w;3
1;Alfred;m;3
1;Bernd;w;3
1;Alois;m;3
1;Bettina;w;3
1;Alouis;m;3
1;Bibata;w;3
1;Amaru;m;3
1;Bilgin;w;3
1;Amin;m;3
1;Birgit;w;3
1;Andres;m;3
1;Bowie;w;3
1;Anno;m;3
1;Bärbel;w;3
1;Antonius;m;3
1;Börte;w;3
1;Ariel;m;3
1;Carmen;w;3
1;Arnold;m;3
1;Carola;w;3
1;Aron;m;3
1;Caroline;w;3
1;Ata;m;3
1;Catherine;w;3
1;Aulis;m;3
1;Chanel;w;3
1;Aurelius;m;3
1;Charly;w;3
1;Ayori;m;3
1;Chiara;w;3
1;Bakr;m;3
1;Christiane;w;3
1;Bartholomäus;m;3
1;Claudia;w;3
1;Bastian;m;3
1;Constanze;w;3
1;Bateer;m;3
1;Cornelia;w;3
1;Benedict;m;3
1;Cäcilia;w;3
1;Benjamin;m;3
1;Damayanti;w;3
1;Bernard;m;3
1;Dawood;w;3
1;Bernd;m;3
1;Delfina;w;3
1;Bertus;m;3
1;Demi;w;3
1;Bonaventure;m;3
1;Devi;w;3
1;Brilliant;m;3
1;Diotima;w;3
1;Camille;m;3
1;Dorothea;w;3
1;Carl;m;3
1;Elfriede;w;3
1;Carlo;m;3
1;Elif;w;3
1;Chris;m;3
1;Elke;w;3
1;Christof;m;3
1;Emilia;w;3
1;Christoph;m;3
1;Emmelie;w;3
1;Clint;m;3
1;Enna;w;3
1;Constantin;m;3
1;Erika;w;3
1;Damien;m;3
1;Erna;w;3
1;Dan;m;3
1;Ewa;w;3
1;Daniel;m;3
1;Fabiola;w;3
1;Diamond;m;3
1;Felicia;w;3
1;Dominik;m;3
1;Florence;w;3
1;Ebubekir;m;3
1;Francisca;w;3
1;Edonojie;m;3
1;Francovna;w;3
1;Eduard;m;3
1;Franziska;w;3
1;Ellis;m;3
1;Frederice;w;3
1;Ernst;m;3
1;Frieda;w;3
1;Esosa;m;3
1;Friedel;w;3
1;Eugène;m;3
1;Gabriele;w;3
1;Fabian;m;3
1;Georgia;w;3
1;Feliaz;m;3
1;Giesela;w;3
1;Ferdinand;m;3
1;Giuseppa;w;3
1;Fintan;m;3
1;Gloria;w;3
1;Florian;m;3
1;Graziella;w;3
1;Francis;m;3
1;Greta;w;3
1;Frank;m;3
1;Haji;w;3
1;Franklin;m;3
1;Hannelore;w;3
1;Franziskus;m;3
1;Helena;w;3
1;Frederick;m;3
1;Helma;w;3
1;Frederik;m;3
1;Hemma;w;3
1;Frey;m;3
1;Henriette;w;3
1;Fynn;m;3
1;Ilham;w;3
1;Fürchtegott;m;3
1;Ilona;w;3
1;Genajo;m;3
1;Ingelore;w;3
1;Gentil;m;3
1;Ini;w;3
1;Gerardo;m;3
1;Irene;w;3
1;Gero;m;3
1;Irmgard;w;3
1;Hamdi;m;3
1;Irmlind;w;3
1;Hasan;m;3
1;Isabeau;w;3
1;Hassan;m;3
1;Isabella;w;3
1;Heinz;m;3
1;Jeanette;w;3
1;Helgo;m;3
1;Jolina;w;3
1;Helmut;m;3
1;Jona;w;3
1;Henri;m;3
1;Josefine;w;3
1;Henry;m;3
1;Jule;w;3
1;Hiểu;m;3
1;Julia;w;3
1;Hjalmar;m;3
1;Julie;w;3
1;Hubert;m;3
1;Jutta;w;3
1;Hung;m;3
1;Karoline;w;3
1;Immanuel;m;3
1;Katharine;w;3
1;Ireoluwa;m;3
1;Kathrin;w;3
1;İslam;m;3
1;Katrin;w;3
1;Itzak;m;3
1;Kaya;w;3
1;Jakub;m;3
1;Klara;w;3
1;Jannis;m;3
1;Leonie;w;3
1;Jayden;m;3
1;Leonor;w;3
1;Jean;m;3
1;Letizia;w;3
1;Jobe;m;3
1;Lilith;w;3
1;Joel;m;3
1;Ling;w;3
1;John;m;3
1;Linh;w;3
1;Jon;m;3
1;Lotte;w;3
1;Jonas;m;3
1;Louisa;w;3
1;Joseph;m;3
1;Ludovica;w;3
1;János;m;3
1;Mae;w;3
1;Jérôme;m;3
1;Mai;w;3
1;Karl;m;3
1;Maleika;w;3
1;Kenzel;m;3
1;Malie;w;3
1;Kimutai;m;3
1;Malou;w;3
1;Kinsella;m;3
1;Manette;w;3
1;Klaus;m;3
1;Margareta;w;3
1;Kofi;m;3
1;Margaretha;w;3
1;Kojo;m;3
1;Marie-Theres;w;3
1;Konrad;m;3
1;Marieke;w;3
1;Konstantin;m;3
1;Marija;w;3
1;Kontongomde;m;3
1;Marlies;w;3
1;Krasimirov;m;3
1;Marliese;w;3
1;Kristian;m;3
1;Marlise;w;3
1;Kurt;m;3
1;Marta;w;3
1;Kwesi;m;3
1;Marthel;w;3
1;Kyi;m;3
1;Matea;w;3
1;Leander;m;3
1;Mathea;w;3
1;Lee;m;3
1;Mathilda;w;3
1;Leo;m;3
1;Maxine;w;3
1;Leonhard;m;3
1;Mercedes;w;3
1;Leopold;m;3
1;Mieke;w;3
1;Leto;m;3
1;Mina;w;3
1;Limu;m;3
1;Mira;w;3
1;Lius;m;3
1;Monika;w;3
1;Luam;m;3
1;Muzahem;w;3
1;Luc;m;3
1;Nadine;w;3
1;Luca;m;3
1;Naomi;w;3
1;Lukas;m;3
1;Nevenka;w;3
1;Manes;m;3
1;Newiana;w;3
1;Marco;m;3
1;Ninfa;w;3
1;Martin;m;3
1;Niya;w;3
1;Massimo;m;3
1;Njwie;w;3
1;Mateo;m;3
1;Noja;w;3
1;Matondo;m;3
1;Nova;w;3
1;Matteo;m;3
1;Omega;w;3
1;Maxim;m;3
1;Paraskevi;w;3
1;Mazen;m;3
1;Patience;w;3
1;Mehmet;m;3
1;Pauline;w;3
1;Merlin;m;3
1;Penelope;w;3
1;Metz;m;3
1;Pernille;w;3
1;Mihailov;m;3
1;Petra;w;3
1;Miquel;m;3
1;Philomena;w;3
1;Mohamed;m;3
1;Pia;w;3
1;Muhammad;m;3
1;Putri;w;3
1;Musa;m;3
1;Qizi;w;3
1;Mustafa;m;3
1;Regina;w;3
1;Na;m;3
1;Renesmee;w;3
1;Naphtali;m;3
1;Rosemarie;w;3
1;Nathaniel;m;3
1;Rusalina;w;3
1;Nesta;m;3
1;Sandra;w;3
1;Nicolai;m;3
1;Sanjay;w;3
1;Nicolas;m;3
1;Saphira;w;3
1;Nils;m;3
1;Sasi;w;3
1;Njenga;m;3
1;Sayela;w;3
1;Noel;m;3
1;Sena;w;3
1;Nuri;m;3
1;Sofie;w;3
1;Nwabuike;m;3
1;Sonja;w;3
1;Oliverovitch;m;3
1;Stine;w;3
1;Onyeka;m;3
1;Sulaiman;w;3
1;oğlu;m;3
1;Sultan;w;3
1;Pablo;m;3
1;Susann;w;3
1;Pascal;m;3
1;Susanna;w;3
1;Patrick;m;3
1;Sylvia;w;3
1;Pius;m;3
1;Tanja;w;3
1;Platon;m;3
1;Theresa;w;3
1;Por;m;3
1;Therese;w;3
1;Raimund;m;3
1;Trudy;w;3
1;Ramiz;m;3
1;Ulrike;w;3
1;Rasho;m;3
1;Ursula;w;3
1;René;m;3
1;Vanessa;w;3
1;Richard;m;3
1;Veronika;w;3
1;Robert;m;3
1;Victoria;w;3
1;Rudi;m;3
1;Vittoria;w;3
1;Sah;m;3
1;Vivien;w;3
1;Salaheldin;m;3
1;Vladislavovna;w;3
1;Saliou;m;3
1;Yahya;w;3
1;Samuel;m;3
1;Yanovna;w;3
1;Santo;m;3
1;Yi;w;3
1;Sebastian;m;3
1;Zahra;w;3
1;Shahrokh;m;3
1;Zaira;w;3
1;Silvio;m;3
1;Zoe;w;3
1;Svilen;m;3
1;Zora;w;3
1;Tamo;m;3
1;Theo;m;3
1;Thorval;m;3
1;Tidiane;m;3
1;Tito;m;3
1;Torsten;m;3
1;Ulrich;m;3
1;Vico;m;3
1;Victor;m;3
1;Vidor;m;3
1;Vincent;m;3
1;Volker;m;3
1;Walther;m;3
1;Wang;m;3
1;Wilfried;m;3
1;William;m;3
1;Wim;m;3
1;Wolf;m;3
1;Yaacov;m;3
1;Yaşar;m;3
1;Zoltán;m;3
1;Zübeyir;m;3
1;Aaliesha;w;2
1;Aaliya;w;2
1;Aaliyah;w;2
1;Abdelkhalek;w;2
1;Adalet;w;2
1;Adele;w;2
1;Adesuwa;w;2
1;Aduke;w;2
1;Aedah;w;2
1;Aemilia;w;2
1;Afomia;w;2
1;Afriyie;w;2
1;Agata;w;2
1;Agie;w;2
1;Aileen;w;2
1;Ainhoa;w;2
1;Aischa;w;2
1;Aissata;w;2
1;Aiwei;w;2
1;Akhmedovna;w;2
1;Akif;w;2
1;Akiti;w;2
1;Akua;w;2
1;Alana;w;2
1;Albane;w;2
1;Albertina;w;2
1;Albina;w;2
1;Alea;w;2
1;Alegra;w;2
1;Alegría;w;2
1;Alejandra;w;2
1;Alejandrina;w;2
1;Alejandro;w;2
1;Aleksandra;w;2
1;Aleksandrovna;w;2
1;Alena;w;2
1;Alessandra;w;2
1;Aleyah;w;2
1;Alima;w;2
1;Alinda;w;2
1;Aline;w;2
1;Aliosmanova;w;2
1;Alisa;w;2
1;Aliyah;w;2
1;Aliye;w;2
1;Alliah;w;2
1;Alma;w;2
1;Almazovna;w;2
1;Alrike;w;2
1;Altanay;w;2
1;Altay;w;2
1;Alya;w;2
1;Ama;w;2
1;Amaal;w;2
1;Amanda;w;2
1;Amandine;w;2
1;Amani;w;2
1;Amata;w;2
1;Amaya;w;2
1;Ambra;w;2
1;Amely;w;2
1;Amil;w;2
1;Amilia;w;2
1;Amina;w;2
1;Amrita;w;2
1;Amy;w;2
1;Ananda;w;2
1;Andra;w;2
1;Andrei;w;2
1;Angel;w;2
1;Angela;w;2
1;Angelova;w;2
1;Anh;w;2
1;Anjali;w;2
1;Anna-Elisa;w;2
1;Anna-Maria;w;2
1;Annabel;w;2
1;Anne;w;2
1;Annelie;w;2
1;Anneliese;w;2
1;Annemarie;w;2
1;Annemie;w;2
1;Annette;w;2
1;Annie;w;2
1;Annik;w;2
1;Annina;w;2
1;Anou;w;2
1;Antoinette;w;2
1;Antonina;w;2
1;Anwar;w;2
1;Apolonia;w;2
1;Apostolova;w;2
1;Aras;w;2
1;Ariane;w;2
1;Arife;w;2
1;Abas;m;2
1;Arjani;w;2
1;Abbas;m;2
1;Armen;w;2
1;Abdalrahman;m;2
1;Artemis;w;2
1;Abdualrahman;m;2
1;Arya;w;2
1;Abdul;m;2
1;Asal;w;2
1;Abdula;m;2
1;Ascensión;w;2
1;Abdulrahim;m;2
1;Asel;w;2
1;Abdulrahman;m;2
1;Asena;w;2
1;Abdurrahman;m;2
1;Asenova;w;2
1;Ablorh;m;2
1;Aslanovna;w;2
1;Abu;m;2
1;Astoria;w;2
1;Adalbert;m;2
1;Asuncion;w;2
1;Adel;m;2
1;Augusta;w;2
1;Ado;m;2
1;Aurora;w;2
1;Adriano;m;2
1;Avelina;w;2
1;Adèm;m;2
1;Ayanda;w;2
1;Aengus;m;2
1;Aybüke;w;2
1;Afonso;m;2
1;Aydzhanova;w;2
1;Agostino;m;2
1;Aynur;w;2
1;Agrippino;m;2
1;Ayse;w;2
1;Agustin;m;2
1;Ayyed;w;2
1;Ahamed;m;2
1;Ayélé;w;2
1;Ahmed;m;2
1;Ayşe;w;2
1;Aiwanose;m;2
1;Aşire;w;2
1;Akif;m;2
1;Barnett;w;2
1;Akin;m;2
1;Beatrice;w;2
1;Aktan;m;2
1;Bedriye;w;2
1;Al;m;2
1;Behiye;w;2
1;Alain;m;2
1;Belinay;w;2
1;Alberto;m;2
1;Belle;w;2
1;Aldo;m;2
1;Benedetta;w;2
1;Alejandro;m;2
1;Bensu;w;2
1;Aleksandar;m;2
1;Beren;w;2
1;Aleksandrov;m;2
1;Beril;w;2
1;Alen;m;2
1;Berit;w;2
1;Alex;m;2
1;Bernadett;w;2
1;Alexandre;m;2
1;Berrin;w;2
1;Alexandru;m;2
1;Betty;w;2
1;Alexandër;m;2
1;Beyda;w;2
1;Aliev;m;2
1;Bianca;w;2
1;Alihan;m;2
1;Bilyanova;w;2
1;Alin;m;2
1;Biola;w;2
1;Allah;m;2
1;Birgit;w;2
1;Allen;m;2
1;Birgül;w;2
1;Almagid;m;2
1;Blanca;w;2
1;Alpha;m;2
1;Blandine;w;2
1;Alptuğ;m;2
1;Bo;w;2
1;Alvaro;m;2
1;Borislavova;w;2
1;Amadeo;m;2
1;Branimirova;w;2
1;Amadeus;m;2
1;Brasilia;w;2
1;Amine;m;2
1;Bruni;w;2
1;Amr;m;2
1;Buglem;w;2
1;Anderson;m;2
1;Bulankete;w;2
1;Andie;m;2
1;Büşra;w;2
1;Andrea;m;2
1;Caisey;w;2
1;Andrei;m;2
1;Calia;w;2
1;Andrew;m;2
1;Cara;w;2
1;Andris;m;2
1;Carmela;w;2
1;András;m;2
1;Carmen;w;2
1;Andrés;m;2
1;Cassia;w;2
1;Aneliev;m;2
1;Catarina;w;2
1;Angelos;m;2
1;Catherine;w;2
1;Angelov;m;2
1;Cathleen;w;2
1;Angelus;m;2
1;Caylan;w;2
1;Anil;m;2
1;Cağla;w;2
1;Anouk;m;2
1;Cebille;w;2
1;Antoine;m;2
1;Cecilia;w;2
1;Anze;m;2
1;Celestine;w;2
1;Aotea;m;2
1;Celina;w;2
1;Ares;m;2
1;Cennet;w;2
1;Arian;m;2
1;Ceylin;w;2
1;Aris;m;2
1;Chan;w;2
1;Armando;m;2
1;Chantal;w;2
1;Armani;m;2
1;Charlie;w;2
1;Arta;m;2
1;Chiara;w;2
1;Arturo;m;2
1;Chihiro;w;2
1;Arun;m;2
1;Ching;w;2
1;Asare;m;2
1;Chioma;w;2
1;Asiamah;m;2
1;Chloe;w;2
1;Aslanovič;m;2
1;Chrisi;w;2
1;Augustin;m;2
1;Christel;w;2
1;Aurel;m;2
1;Christin;w;2
1;Aurelio;m;2
1;Chuyi;w;2
1;Avi;m;2
1;Claire;w;2
1;Aviv;m;2
1;Clarissa;w;2
1;Axel;m;2
1;Clarisse;w;2
1;Aydın;m;2
1;Claudia;w;2
1;Ayi-Kushi;m;2
1;Cleo;w;2
1;Aykut;m;2
1;Constanze;w;2
1;Ayomide;m;2
1;Consuela;w;2
1;Ayomikun;m;2
1;Cäcilia;w;2
1;Ayt;m;2
1;Cäcilie;w;2
1;Azad;m;2
1;Cécile;w;2
1;Bajwa;m;2
1;Dagmar;w;2
1;Baris;m;2
1;Dahlia;w;2
1;Bartholomew;m;2
1;Dalia;w;2
1;Basileios;m;2
1;Daniela;w;2
1;Bavuilani;m;2
1;Danielle;w;2
1;Beat;m;2
1;Deetje;w;2
1;Behroez;m;2
1;Dela;w;2
1;Behsat;m;2
1;Delal;w;2
1;Bekir;m;2
1;Delaya;w;2
1;Benedetto;m;2
1;Denise;w;2
1;Benett;m;2
1;Deniz;w;2
1;Beni;m;2
1;Denizova;w;2
1;Benjamín;m;2
1;Destiny;w;2
1;Benno;m;2
1;Dewi;w;2
1;Benny;m;2
1;Deysi;w;2
1;Benoit;m;2
1;Diamond;w;2
1;Benson;m;2
1;Diba;w;2
1;Berdi;m;2
1;Dilay;w;2
1;Bergen;m;2
1;Dilayla;w;2
1;Berkay;m;2
1;Dilbera;w;2
1;Bert;m;2
1;Dilgüşa;w;2
1;Bilel;m;2
1;Dimitrova;w;2
1;Bjoris;m;2
1;Dina;w;2
1;Blagoev;m;2
1;Dita;w;2
1;Blagovestov;m;2
1;Djamila;w;2
1;Blaise;m;2
1;Dmitrievna;w;2
1;Bodo;m;2
1;Dominika;w;2
1;Bogdan;m;2
1;Dominique;w;2
1;Bond;m;2
1;Dora;w;2
1;Borja;m;2
1;Dorcas;w;2
1;Bowie;m;2
1;Dorota;w;2
1;Braima;m;2
1;Douha;w;2
1;Brkan;m;2
1;Dua;w;2
1;Brook;m;2
1;Duha;w;2
1;Bulcsú;m;2
1;Dunya;w;2
1;Bulut;m;2
1;Ebru;w;2
1;Burak;m;2
1;Ecaterina;w;2
1;Béla;m;2
1;Edda;w;2
1;Caesar;m;2
1;Eden;w;2
1;Cainan;m;2
1;Editha;w;2
1;Calvin;m;2
1;Eduarda;w;2
1;Cansın;m;2
1;Edze;w;2
1;Casimir;m;2
1;Efrossini;w;2
1;Cassian;m;2
1;Ehtiramovna;w;2
1;Celal;m;2
1;Eilen;w;2
1;Cerwan;m;2
1;Elahia;w;2
1;Cesur;m;2
1;Eleana;w;2
1;Chairat;m;2
1;Eleni;w;2
1;Charis;m;2
1;Eleonore;w;2
1;Charles;m;2
1;Elin;w;2
1;Chen;m;2
1;Elina;w;2
1;Chenxu;m;2
1;Elinor;w;2
1;Chibuikem;m;2
1;Elisabetta;w;2
1;Chidubem;m;2
1;Elizabeth;w;2
1;Chimaobim;m;2
1;Elizan;w;2
1;Chinomso;m;2
1;Eloisa;w;2
1;Chiyem;m;2
1;Eloïse;w;2
1;Christiano;m;2
1;Elsa;w;2
1;Chukwukere;m;2
1;Else;w;2
1;Cinar;m;2
1;Elu;w;2
1;Cinzio;m;2
1;Elvin;w;2
1;Clark;m;2
1;Elvina;w;2
1;Claudius;m;2
1;Elyana;w;2
1;Clemens;m;2
1;Emely;w;2
1;Connor;m;2
1;Emina;w;2
1;Conrad;m;2
1;Emine;w;2
1;Constanijn;m;2
1;Emmi;w;2
1;Constantine;m;2
1;Emmy;w;2
1;Cossi;m;2
1;Emre;w;2
1;Cristian;m;2
1;Endegena;w;2
1;Cuauhtemoc;m;2
1;Enyue;w;2
1;Cyverion;m;2
1;Erdinch;w;2
1;Daan;m;2
1;Erica;w;2
1;Dalawar;m;2
1;Erol;w;2
1;Dalvin;m;2
1;Erva;w;2
1;Dana;m;2
1;Esmeralda;w;2
1;Daniell;m;2
1;Essotom;w;2
1;Danil;m;2
1;Esther;w;2
1;Daniyal;m;2
1;Etienne;w;2
1;Danny;m;2
1;Eugenia;w;2
1;Dantago;m;2
1;Euphrasie;w;2
1;Danzeng;m;2
1;Evangeline;w;2
1;Darian;m;2
1;Evelin;w;2
1;Dario;m;2
1;Eveline;w;2
1;Dariush;m;2
1;Evgenia;w;2
1;Davi;m;2
1;Evin;w;2
1;Davis;m;2
1;Ewa;w;2
1;Dawid;m;2
1;Ezo;w;2
1;Delon;m;2
1;Fabiena;w;2
1;Demian;m;2
1;Faith;w;2
1;Destan;m;2
1;Farah;w;2
1;Diamantov;m;2
1;Farize;w;2
1;Dietmar;m;2
1;Fatiha;w;2
1;Dillan;m;2
1;Fatimatou;w;2
1;Dimitrie;m;2
1;Fatma;w;2
1;Dinata;m;2
1;Fatna;w;2
1;Domenic;m;2
1;Felicja;w;2
1;Domenico;m;2
1;Felina;w;2
1;Domingos;m;2
1;Felixina;w;2
1;Dominik;m;2
1;Fernanda;w;2
1;Dominikovič;m;2
1;Fida;w;2
1;Dovudovič;m;2
1;Fidan;w;2
1;Draganov;m;2
1;Filia;w;2
1;Drislwyn;m;2
1;Filicia;w;2
1;Durmus;m;2
1;Filipa;w;2
1;Durmuş;m;2
1;Flavia;w;2
1;Dustin;m;2
1;Florence;w;2
1;Dylan;m;2
1;Florie;w;2
1;Eberhard;m;2
1;Frederike;w;2
1;Ebeto;m;2
1;Friedrich;w;2
1;Ebubechi;m;2
1;Frimpong;w;2
1;Edison;m;2
1;Fynnja;w;2
1;Edmund;m;2
1;Félice;w;2
1;Eduku;m;2
1;Gabriel;w;2
1;Edward;m;2
1;Garova;w;2
1;Edwin;m;2
1;Genoveva;w;2
1;Efendi;m;2
1;Georgeta;w;2
1;Efeose;m;2
1;Georgianna;w;2
1;Efrem;m;2
1;Geraldine;w;2
1;Efrosinov;m;2
1;Gesa;w;2
1;Eghosa;m;2
1;Gina;w;2
1;Egon;m;2
1;Ginkova;w;2
1;Ehimen;m;2
1;Gisa;w;2
1;Eike;m;2
1;Gita;w;2
1;Ekele;m;2
1;Giuseppina;w;2
1;Ekkehard;m;2
1;Gloria;w;2
1;Elamin;m;2
1;Gretchen;w;2
1;Elif;m;2
1;Gyanbea;w;2
1;Eliseu;m;2
1;Gyunaydinova;w;2
1;Elm;m;2
1;Gökçe;w;2
1;Elom;m;2
1;Gülenay;w;2
1;Elouan;m;2
1;Gülsüm;w;2
1;Emad;m;2
1;Güneş;w;2
1;Emal;m;2
1;Günterovna;w;2
1;Emeka;m;2
1;Habibatou;w;2
1;Emrah;m;2
1;Hajar;w;2
1;En;m;2
1;Hajer;w;2
1;Enno;m;2
1;Halima;w;2
1;Enrique;m;2
1;Halime;w;2
1;Eoin;m;2
1;Hana;w;2
1;Eraremen;m;2
1;Hanieh;w;2
1;Erasmus;m;2
1;Hanne;w;2
1;Eray;m;2
1;Hanni;w;2
1;Erdem;m;2
1;Hayat;w;2
1;Erdoğan;m;2
1;Hazal;w;2
1;Erhan;m;2
1;Hazel;w;2
1;Eri;m;2
1;Heather;w;2
1;Ernesto;m;2
1;Hedi;w;2
1;Ernst;m;2
1;Heidi;w;2
1;Erol;m;2
1;Heja;w;2
1;Ertugrul;m;2
1;Helga;w;2
1;Esteban;m;2
1;Hezam;w;2
1;Ethan;m;2
1;Hilda;w;2
1;Eugen;m;2
1;Hilde;w;2
1;Evaggelios;m;2
1;Hildegard;w;2
1;Everhard;m;2
1;Hira;w;2
1;Evgenyevič;m;2
1;Hivda;w;2
1;Evren;m;2
1;Hjortshøj;w;2
1;Eşref;m;2
1;Hollie;w;2
1;Fabijan;m;2
1;Holly;w;2
1;Fabrice;m;2
1;Honour;w;2
1;Fadel;m;2
1;Hristova;w;2
1;Fadhil;m;2
1;Humeyra;w;2
1;Faruk;m;2
1;Hyudaet;w;2
1;Federic;m;2
1;Hyuseinova;w;2
1;Felicia;m;2
1;Hélène;w;2
1;Felipe;m;2
1;Hülya;w;2
1;Feras;m;2
1;Hüma;w;2
1;Ferenc;m;2
1;Iasmin;w;2
1;Ferit;m;2
1;Ifeoma;w;2
1;Fernandez;m;2
1;Igorevna;w;2
1;Ferus;m;2
1;Ihsan;w;2
1;Fettah;m;2
1;Ilayda;w;2
1;Fil;m;2
1;Ilinca;w;2
1;Filipe;m;2
1;Ilvie;w;2
1;Finnley;m;2
1;Ilvy;w;2
1;Firas;m;2
1;Ilyayda;w;2
1;Fırat;m;2
1;Indah;w;2
1;Firdaus;m;2
1;Inga;w;2
1;Flores;m;2
1;Inge;w;2
1;Florin;m;2
1;Io;w;2
1;Frederic;m;2
1;Ioana;w;2
1;Fridthjof;m;2
1;Irene;w;2
1;Fried;m;2
1;Irina;w;2
1;Friedel;m;2
1;Iris;w;2
1;Furkan;m;2
1;Irma;w;2
1;Gabor;m;2
1;Irmgard;w;2
1;Gaetano;m;2
1;Irmina;w;2
1;Gagi;m;2
1;Isa;w;2
1;Gaspar;m;2
1;Isabely;w;2
1;Gaspare;m;2
1;Ishvari;w;2
1;Gazibegović;m;2
1;Ismayil;w;2
1;Gereon;m;2
1;Iuriivna;w;2
1;Gernod;m;2
1;Iva;w;2
1;Geronimo;m;2
1;Izabela;w;2
1;Gerrard;m;2
1;Izabella;w;2
1;Gessesse;m;2
1;Jade;w;2
1;Gherom;m;2
1;Jamelia;w;2
1;Gia;m;2
1;James;w;2
1;Gianluca;m;2
1;Jamila;w;2
1;Gino;m;2
1;Janine;w;2
1;Gionatan;m;2
1;Jeanette;w;2
1;Giorgio;m;2
1;Jeanine;w;2
1;Giosuè;m;2
1;Jeanne;w;2
1;Giovanni;m;2
1;Jeannette;w;2
1;Gisbert;m;2
1;Jenaya;w;2
1;Glen;m;2
1;Jennifer;w;2
1;Goodluck;m;2
1;Jeta;w;2
1;Gordian;m;2
1;Jewell;w;2
1;Gregory;m;2
1;Jhomi;w;2
1;Grigor;m;2
1;Jil;w;2
1;Gurgen;m;2
1;Joely;w;2
1;Gyurgenov;m;2
1;Johana;w;2
1;Günther;m;2
1;Johanne;w;2
1;Hakim;m;2
1;Jolien;w;2
1;Hansen;m;2
1;Josefa;w;2
1;Harri;m;2
1;Josefina;w;2
1;Harry;m;2
1;Joséphine;w;2
1;Hasso;m;2
1;Jovana;w;2
1;Hattakorn;m;2
1;Joy;w;2
1;Hendric;m;2
1;Jozefina;w;2
1;Hendrik;m;2
1;Judith;w;2
1;Hennes;m;2
1;Juley;w;2
1;Herbert;m;2
1;Juliana;w;2
1;Herfried;m;2
1;Juliane;w;2
1;Hermann;m;2
1;Juline;w;2
1;Hervé;m;2
1;Junia;w;2
1;Hessan;m;2
1;Juno;w;2
1;Hieronymus;m;2
1;Kadira;w;2
1;Hikmet;m;2
1;Kalea;w;2
1;Hongyi;m;2
1;Karin;w;2
1;Hossam;m;2
1;Kasem;w;2
1;Hovsep;m;2
1;Kassiopeia;w;2
1;Hubertus;m;2
1;Kataleya;w;2
1;Hussain;m;2
1;Katharin;w;2
1;Hà;m;2
1;Kathleen;w;2
1;Hùng;m;2
1;Katinka;w;2
1;Hüdayi;m;2
1;Kauane;w;2
1;Hüseyin;m;2
1;Kaya;w;2
1;Ibramov;m;2
1;Kazadi;w;2
1;Ilai;m;2
1;Kebetat;w;2
1;Ilazov;m;2
1;Kelly;w;2
1;İlhami;m;2
1;Keo;w;2
1;Ilhan;m;2
1;Ketty;w;2
1;İlhan;m;2
1;Khalaf;w;2
1;Ilhanov;m;2
1;Khudhur;w;2
1;Ilia;m;2
1;Kiana;w;2
1;Ilias;m;2
1;Kiara;w;2
1;Ilkan;m;2
1;Kifaah;w;2
1;Ilko;m;2
1;Kisimba;w;2
1;İlyas;m;2
1;Kitti;w;2
1;İnce;m;2
1;Klementine;w;2
1;Insu;m;2
1;Konstantinovna;w;2
1;Iranzi;m;2
1;Krasimirova;w;2
1;Ireneusz;m;2
1;Kristin;w;2
1;Irfan;m;2
1;Kristina;w;2
1;Isaac;m;2
1;Kumiko;w;2
1;Isaak;m;2
1;Kyra;w;2
1;Isaiah;m;2
1;Käthe;w;2
1;Ismael;m;2
1;Laetitia;w;2
1;Israel;m;2
1;Laila;w;2
1;Isuf;m;2
1;Laris;w;2
1;Iuriiovič;m;2
1;Laurenz;w;2
1;Ivanov;m;2
1;Lauwrie;w;2
1;Jahne;m;2
1;Laye;w;2
1;Jameson;m;2
1;Lee;w;2
1;Jamie;m;2
1;Leevke;w;2
1;Jamil;m;2
1;Leilani;w;2
1;Jannes;m;2
1;Lenke;w;2
1;Jannis;m;2
1;Lenora;w;2
1;Janno;m;2
1;Lenya;w;2
1;Janos;m;2
1;Leo;w;2
1;Janosch;m;2
1;Leokadia;w;2
1;Janus;m;2
1;Leonore;w;2
1;Jared;m;2
1;Leontine;w;2
1;Jaro;m;2
1;Levana;w;2
1;Jascha;m;2
1;Lia-Marie;w;2
1;Jasin;m;2
1;Lian;w;2
1;Jawad;m;2
1;Liane;w;2
1;Jax;m;2
1;Lianna;w;2
1;Jayden;m;2
1;Lieke;w;2
1;Jean;m;2
1;Lien;w;2
1;Jean-Michel;m;2
1;Lieve;w;2
1;Jemal;m;2
1;Lila;w;2
1;Jeremy;m;2
1;Liliana;w;2
1;Jerome;m;2
1;Lilika;w;2
1;Jerzy;m;2
1;Lilith;w;2
1;Jiarui;m;2
1;Lilli;w;2
1;Jibril;m;2
1;Lillian;w;2
1;Jimmie;m;2
1;Lillie;w;2
1;Jiyan;m;2
1;Lilo;w;2
1;Jo;m;2
1;Lilou;w;2
1;Joan;m;2
1;Lily;w;2
1;Joas;m;2
1;Line;w;2
1;Joko;m;2
1;Linh;w;2
1;Jonte;m;2
1;Linni;w;2
1;Jordanis;m;2
1;Linnéa;w;2
1;Jos;m;2
1;Liselotte;w;2
1;Joscha;m;2
1;Lisha;w;2
1;Josh;m;2
1;Lishi;w;2
1;Josha;m;2
1;Liva;w;2
1;Josifov;m;2
1;Lola;w;2
1;Josip;m;2
1;Loren;w;2
1;Joubin;m;2
1;Lou-Marion;w;2
1;Jounes;m;2
1;Louis;w;2
1;Jounis;m;2
1;Loïde;w;2
1;Jozef;m;2
1;Lu;w;2
1;Jozo;m;2
1;Luciana;w;2
1;Ju;m;2
1;Ludwina;w;2
1;Jukka;m;2
1;Luiza;w;2
1;Julián;m;2
1;Luka;w;2
1;Jun;m;2
1;Lule;w;2
1;Jun-Ho;m;2
1;Luzia;w;2
1;Jun-Xiong;m;2
1;Luzie;w;2
1;Jun-Ying;m;2
1;Léanne;w;2
1;Junhi;m;2
1;Ma;w;2
1;Jupp;m;2
1;Magali;w;2
1;Juris;m;2
1;Mahalia;w;2
1;Justin;m;2
1;Mahjouba;w;2
1;Jérôme;m;2
1;Mai;w;2
1;Kaify;m;2
1;Maike;w;2
1;Kajo;m;2
1;Makeda;w;2
1;Kaleo;m;2
1;Malea;w;2
1;Kalkan;m;2
1;Maliah;w;2
1;Kalle;m;2
1;Malie;w;2
1;Kamran;m;2
1;Malon;w;2
1;Kani;m;2
1;Malu;w;2
1;Karlsson;m;2
1;Malwina;w;2
1;Karol;m;2
1;Mansah;w;2
1;Kartal;m;2
1;Manuela;w;2
1;Kasimir;m;2
1;Marah;w;2
1;Kasper;m;2
1;Maraike;w;2
1;Kassandro;m;2
1;Marei;w;2
1;Kastriot;m;2
1;Maren;w;2
1;Kawa;m;2
1;Margaretha;w;2
1;Kay;m;2
1;Margarethe;w;2
1;Keith;m;2
1;Margit;w;2
1;Kelly;m;2
1;Margot;w;2
1;Kenan;m;2
1;Marie-Sol;w;2
1;Kenneth;m;2
1;Marieluise;w;2
1;Kerim;m;2
1;Marietta;w;2
1;Kevin;m;2
1;Marita;w;2
1;Khazali;m;2
1;Marlie;w;2
1;Kheder;m;2
1;Marta;w;2
1;Kian;m;2
1;Martina;w;2
1;Kimaru;m;2
1;Maryna;w;2
1;Kiran;m;2
1;Maré;w;2
1;Kiyan;m;2
1;Masal;w;2
1;Kjell;m;2
1;Masha;w;2
1;Klaas;m;2
1;Masod;w;2
1;Kolja;m;2
1;Masoud;w;2
1;Kon;m;2
1;Massud;w;2
1;Koray;m;2
1;Masuma;w;2
1;Korbinian;m;2
1;Matija;w;2
1;Kourosh;m;2
1;Maureen;w;2
1;Kristianov;m;2
1;Maurice;w;2
1;Kuba;m;2
1;Mava;w;2
1;Kumar;m;2
1;Maxima;w;2
1;Kyahi;m;2
1;Maxime;w;2
1;Kyton;m;2
1;May;w;2
1;Lando;m;2
1;Mayaya;w;2
1;Laoh;m;2
1;Maykalova;w;2
1;Laurence;m;2
1;Maylin;w;2
1;Laurenz;m;2
1;Maéva;w;2
1;Lauritz;m;2
1;Mediha;w;2
1;Lazaro;m;2
1;Medya;w;2
1;Lee;m;2
1;Megan;w;2
1;Lenn;m;2
1;Meike;w;2
1;Lennet;m;2
1;Meliah;w;2
1;Lennox;m;2
1;Meliha;w;2
1;Lenny;m;2
1;Melissa;w;2
1;Leone;m;2
1;Menoria;w;2
1;Leroy;m;2
1;Meral;w;2
1;Levent;m;2
1;Mercedes;w;2
1;Levis;m;2
1;Mercedesa;w;2
1;Lewin;m;2
1;Merel;w;2
1;Leyth;m;2
1;Mevsim;w;2
1;Li;m;2
1;Meyra;w;2
1;Lias;m;2
1;Mie;w;2
1;Liem;m;2
1;Mieke;w;2
1;Life;m;2
1;Mihaela;w;2
1;Lorenz;m;2
1;Mihailova;w;2
1;Losseny;m;2
1;Mihriban;w;2
1;Louie;m;2
1;Mihrimah;w;2
1;Lovis;m;2
1;Mikolaivna;w;2
1;Luciano;m;2
1;Milagros;w;2
1;Lucifer;m;2
1;Milana;w;2
1;Lucius;m;2
1;Milas;w;2
1;Luka;m;2
1;Minerva;w;2
1;Lukasz;m;2
1;Minka;w;2
1;Lutz;m;2
1;Miranda;w;2
1;Luuk;m;2
1;Miraç;w;2
1;Lyno;m;2
1;Miriam;w;2
1;Lyon;m;2
1;Mirja;w;2
1;Léan;m;2
1;Mirjana;w;2
1;Maddox;m;2
1;Mitkova;w;2
1;Mads;m;2
1;Modesta;w;2
1;Maftun;m;2
1;Momchilova;w;2
1;Magnus;m;2
1;Moni;w;2
1;Mahdi;m;2
1;Monique;w;2
1;Mahijawisnu;m;2
1;Munachimsom;w;2
1;Mahmud;m;2
1;Muriel;w;2
1;Mailo;m;2
1;Musa;w;2
1;Makaio-Victor;m;2
1;Mustafa;w;2
1;Maleek;m;2
1;Muthoni;w;2
1;Mamadou;m;2
1;Mutiara;w;2
1;Mani;m;2
1;Nada;w;2
1;Marcell;m;2
1;Nadia;w;2
1;Marcelo;m;2
1;Nadine;w;2
1;Marcin;m;2
1;Nadiye;w;2
1;Marie;m;2
1;Nadja;w;2
1;Marin;m;2
1;Naiara;w;2
1;Marko;m;2
1;Nailantei;w;2
1;Marley;m;2
1;Nalani;w;2
1;Marlow;m;2
1;Nandi;w;2
1;Marten;m;2
1;Naomie;w;2
1;Martí;m;2
1;Narin;w;2
1;Martín;m;2
1;Nastia;w;2
1;Masih;m;2
1;Natalia;w;2
1;Mason;m;2
1;Natalie;w;2
1;Matei;m;2
1;Natascha;w;2
1;Mateusz;m;2
1;Natividad;w;2
1;Mathias;m;2
1;Navina;w;2
1;Mattes;m;2
1;Nazar;w;2
1;Mattey;m;2
1;Nazire;w;2
1;Mattheo;m;2
1;Nduta;w;2
1;Matthew;m;2
1;Nehal;w;2
1;Matthäus;m;2
1;Nehir;w;2
1;Mattia;m;2
1;Neransoula;w;2
1;Matus;m;2
1;Nevin;w;2
1;Mauritius;m;2
1;Nezi;w;2
1;Mauritz;m;2
1;Neşe;w;2
1;Mauro;m;2
1;Nico;w;2
1;Mawulom;m;2
1;Nida;w;2
1;Maxime;m;2
1;Nike;w;2
1;Maximus;m;2
1;Nikita;w;2
1;Maxmilian;m;2
1;Nilay;w;2
1;Maël;m;2
1;Nilofah;w;2
1;Mehmedov;m;2
1;Nisa;w;2
1;Mehmood;m;2
1;Njanja;w;2
1;Melih;m;2
1;Noemie;w;2
1;Melik;m;2
1;Nola;w;2
1;Melin;m;2
1;Noomi;w;2
1;Menderes;m;2
1;Noor;w;2
1;Merlin;m;2
1;Nore;w;2
1;Mete;m;2
1;Nova;w;2
1;Miglenov;m;2
1;Nuo;w;2
1;Mihail;m;2
1;Nurbin;w;2
1;Mihailov;m;2
1;Nuria;w;2
1;Mihaylowich;m;2
1;Nyah;w;2
1;Mijo;m;2
1;Nyamekye;w;2
1;Mikael;m;2
1;Nüha;w;2
1;Mikdat;m;2
1;Octavia;w;2
1;Mikele;m;2
1;Ode-Titilayo;w;2
1;Miki;m;2
1;Odilia;w;2
1;Milenov;m;2
1;Oghosa;w;2
1;Milian;m;2
1;Oluwadamilola;w;2
1;Miljaim;m;2
1;Omosigho;w;2
1;Minacori;m;2
1;Onome;w;2
1;Minchev;m;2
1;Ornella;w;2
1;Miro;m;2
1;Osatohanmwen;w;2
1;Miroslav;m;2
1;Osazee;w;2
1;Mirum;m;2
1;Osinachi;w;2
1;Mizan;m;2
1;Ottilie;w;2
1;Mokhtar;m;2
1;Oyu;w;2
1;Molongi;m;2
1;Palomé;w;2
1;Moreno;m;2
1;Paola;w;2
1;Moro;m;2
1;Paora;w;2
1;Morris;m;2
1;Pari;w;2
1;Mourad;m;2
1;Pascale;w;2
1;Mowrad;m;2
1;Patricia;w;2
1;Mubanga;m;2
1;Peanie;w;2
1;Mukundi;m;2
1;Pelina;w;2
1;Mwangi;m;2
1;Peri;w;2
1;Nadhir;m;2
1;Petarova;w;2
1;Nadim;m;2
1;Poppy;w;2
1;Nadjibou;m;2
1;Precious;w;2
1;Nael;m;2
1;Princesa;w;2
1;Nahuel;m;2
1;Purity;w;2
1;Naim;m;2
1;Querine;w;2
1;Naoki;m;2
1;Rachael;w;2
1;Nawin;m;2
1;Rana;w;2
1;Nazarali;m;2
1;Rangelova;w;2
1;Naél;m;2
1;Raphaela;w;2
1;Necdet;m;2
1;Rebaz;w;2
1;Nedim;m;2
1;Rebeka;w;2
1;Nerses;m;2
1;Rei;w;2
1;Nestor;m;2
1;Revan;w;2
1;Nevfel;m;2
1;Reyna;w;2
1;Nevzat;m;2
1;Reyyan;w;2
1;Ngamo;m;2
1;Rhabea;w;2
1;Nicolae;m;2
1;Riana;w;2
1;Nicolai;m;2
1;Rika;w;2
1;Niilo;m;2
1;Rike;w;2
1;Nikita;m;2
1;Rizvanovna;w;2
1;Nikolai;m;2
1;Robin;w;2
1;Nikolov;m;2
1;Rojna;w;2
1;Nikos;m;2
1;Romina;w;2
1;Nio;m;2
1;Rosaria;w;2
1;Niomby;m;2
1;Rosie;w;2
1;Nizar;m;2
1;Rosina;w;2
1;Nkembo;m;2
1;Rosmarie;w;2
1;Nnamdi;m;2
1;Roža;w;2
1;Noa;m;2
1;Rukky;w;2
1;Noe;m;2
1;Rumenova;w;2
1;Noras;m;2
1;Ruža;w;2
1;Noél;m;2
1;Sabine;w;2
1;Numan;m;2
1;Sabrina;w;2
1;Nuri;m;2
1;Sadat;w;2
1;Nuyan;m;2
1;Saif;w;2
1;O'Connor;m;2
1;Salia;w;2
1;Obiajulu;m;2
1;Salomeh;w;2
1;Odin;m;2
1;Samantha;w;2
1;Odysseas;m;2
1;Sametova;w;2
1;Oghoghosa;m;2
1;Samireva;w;2
1;Oglu;m;2
1;Sandova;w;2
1;Oktay;m;2
1;Sanjana;w;2
1;Olusola;m;2
1;Santina;w;2
1;Onno;m;2
1;Sao;w;2
1;Onur;m;2
1;Saroosh;w;2
1;Orazio;m;2
1;Sashova;w;2
1;Orhan;m;2
1;Savannah;w;2
1;Orlando;m;2
1;Sawdatu;w;2
1;Osarumese;m;2
1;Sayge;w;2
1;Osasenaga;m;2
1;Sayuri;w;2
1;Osasere;m;2
1;Sebahat;w;2
1;Osavbie;m;2
1;Sebiha;w;2
1;Osayemwenre;m;2
1;Seena;w;2
1;Osazee;m;2
1;Selin;w;2
1;Oska;m;2
1;Semiha;w;2
1;Otis;m;2
1;Sergeevna;w;2
1;Ousmane;m;2
1;Serpil;w;2
1;Owen;m;2
1;Sevasti;w;2
1;Oğuzhan;m;2
1;Sevde;w;2
1;Pamedi;m;2
1;Severinova;w;2
1;Parcival;m;2
1;Sezen;w;2
1;Pars;m;2
1;Shakira;w;2
1;Paskal;m;2
1;Sharon;w;2
1;Pavao;m;2
1;Sheirin;w;2
1;Peer;m;2
1;Shirin;w;2
1;Peik;m;2
1;Sibel;w;2
1;Pepee;m;2
1;Sieglinde;w;2
1;Peppy;m;2
1;Sila;w;2
1;Peter-Andreas;m;2
1;Silke;w;2
1;Pharrell;m;2
1;Siwar;w;2
1;Phil;m;2
1;Sofya;w;2
1;Phúc;m;2
1;Sokhna;w;2
1;Piero;m;2
1;Sol;w;2
1;Pierre;m;2
1;Solin;w;2
1;Pierre-Luca;m;2
1;Sonea;w;2
1;Piet;m;2
1;Sonia;w;2
1;Pin;m;2
1;Sonja;w;2
1;Prasad;m;2
1;Sonne;w;2
1;Prince;m;2
1;Sophia-Kathrin;w;2
1;Property;m;2
1;Sopie;w;2
1;Qamar;m;2
1;Soé;w;2
1;Quentin;m;2
1;Sparrow;w;2
1;Ragnar;m;2
1;Stafanie;w;2
1;Rahman;m;2
1;Stefanija;w;2
1;Rahmatullojevič;m;2
1;Stella;w;2
1;Raimon;m;2
1;Stephanie;w;2
1;Raimund;m;2
1;Stiliyan;w;2
1;Rainer;m;2
1;Stéphanie;w;2
1;Rajmund;m;2
1;Sue;w;2
1;Rakete;m;2
1;Suhrana;w;2
1;Ram;m;2
1;Suliman;w;2
1;Ramzy;m;2
1;Sumaya;w;2
1;Rareş;m;2
1;Suna;w;2
1;Rea;m;2
1;Sunita;w;2
1;Reda;m;2
1;Susuruka;w;2
1;Redzhebov;m;2
1;Suzan;w;2
1;Reiner;m;2
1;Svea;w;2
1;Reinhard;m;2
1;Svenja;w;2
1;Remo;m;2
1;Swantje;w;2
1;Remzi;m;2
1;Sâra;w;2
1;Renal;m;2
1;Sümeyye;w;2
1;Renaldo;m;2
1;Tabea;w;2
1;Reno;m;2
1;Tabitha;w;2
1;Renqing;m;2
1;Tak-Sin;w;2
1;Reza;m;2
1;Talha;w;2
1;Riley;m;2
1;Talia;w;2
1;Rivaldo;m;2
1;Tatjana;w;2
1;Robson;m;2
1;Temur;w;2
1;Rocka;m;2
1;Tessa;w;2
1;Rodi;m;2
1;Theres;w;2
1;Romeo;m;2
1;Thy;w;2
1;Roni;m;2
1;Tiana;w;2
1;Rosario;m;2
1;Tina;w;2
1;Roy;m;2
1;Tincheva;w;2
1;Royd;m;2
1;Toni;w;2
1;Rubino;m;2
1;Tonia;w;2
1;Rudi;m;2
1;Tova;w;2
1;Rudolph;m;2
1;Trudi;w;2
1;Rumenov;m;2
1;Tselot;w;2
1;Sabah;m;2
1;Tuana;w;2
1;Sabatino;m;2
1;Tyra;w;2
1;Sacharja;m;2
1;Ufuomaoghene;w;2
1;Saeed;m;2
1;Ulani;w;2
1;Sait;m;2
1;Ute;w;2
1;Salman;m;2
1;Valentine;w;2
1;Salvin;m;2
1;Verena;w;2
1;Saman;m;2
1;Veselinova;w;2
1;Samir;m;2
1;Vezire;w;2
1;Samu;m;2
1;Viola;w;2
1;Sandro;m;2
1;Violet;w;2
1;Sanjay;m;2
1;Violetova;w;2
1;Santiago;m;2
1;Virag;w;2
1;Saul;m;2
1;Vivek;w;2
1;Savaş;m;2
1;Véronique;w;2
1;Saverio;m;2
1;Walburga;w;2
1;Scott;m;2
1;Wali;w;2
1;Sebastiano;m;2
1;Wambui;w;2
1;Sebastián;m;2
1;Wangari;w;2
1;Sebastião;m;2
1;Wilder;w;2
1;Sedat;m;2
1;Wilhelmine;w;2
1;Sekou;m;2
1;Winou;w;2
1;Selorm;m;2
1;Xiu;w;2
1;Semih;m;2
1;Xuan-An;w;2
1;Senad;m;2
1;Yade;w;2
1;Sentavios;m;2
1;Yahse;w;2
1;Serge;m;2
1;Yamileth;w;2
1;Sergeev;m;2
1;Yamina;w;2
1;Sergej;m;2
1;Yan;w;2
1;Serhat;m;2
1;Yaren;w;2
1;Serwan;m;2
1;Yarhelis;w;2
1;Sevastian;m;2
1;Yassir;w;2
1;Severinov;m;2
1;Yennefer;w;2
1;Seyyid;m;2
1;Yosias;w;2
1;Shafi;m;2
1;Yumi;w;2
1;Shaheer;m;2
1;Yun;w;2
1;Shanti;m;2
1;Yur`evna;w;2
1;Shing;m;2
1;Yusra;w;2
1;Simão;m;2
1;Zayane;w;2
1;Sina;m;2
1;Zdzislawa;w;2
1;Singh;m;2
1;Zeinab;w;2
1;Sinh;m;2
1;Zennure;w;2
1;Stanislav;m;2
1;Zhasmin;w;2
1;Stefanov;m;2
1;Zhuoyue;w;2
1;Steve;m;2
1;Zofia;w;2
1;Stoyanov;m;2
1;Zoi;w;2
1;Strahilov;m;2
1;Zoly;w;2
1;Surkhay;m;2
1;Zora;w;2
1;Sven;m;2
1;Zozan;w;2
1;Svetlev;m;2
1;Zufa;w;2
1;Syed;m;2
1;Çağla;w;2
1;Sylwester;m;2
1;Çilek;w;2
1;Szymon;m;2
1;Şahsenem;w;2
1;Süha;m;2
1;Süleyman;m;2
1;Tadao;m;2
1;Take;m;2
1;Talib;m;2
1;Tamias;m;2
1;Tamino;m;2
1;Tane;m;2
1;Tanwi;m;2
1;Tarek;m;2
1;Tarık;m;2
1;Tayo;m;2
1;Tayyip;m;2
1;Tekin;m;2
1;Telmo;m;2
1;Temelkov;m;2
1;Terence;m;2
1;Tesfay;m;2
1;Thaddäus;m;2
1;Thamer;m;2
1;Thiago;m;2
1;Thierry;m;2
1;Thor;m;2
1;Thore;m;2
1;Théodore;m;2
1;Tian;m;2
1;Tico;m;2
1;Tidiane;m;2
1;Tilmann;m;2
1;Timo;m;2
1;Timur;m;2
1;Tius;m;2
1;Tochukwu;m;2
1;Tomasso;m;2
1;Tomek;m;2
1;Tonda;m;2
1;Toni;m;2
1;Torben;m;2
1;Trifonov;m;2
1;Tristan;m;2
1;Tsetsov;m;2
1;Tumani;m;2
1;Tushar;m;2
1;Tuğra;m;2
1;Tyrion;m;2
1;Ufuk;m;2
1;Uwe;m;2
1;Uy;m;2
1;Vakkas;m;2
1;Valenntinovič;m;2
1;Valentino;m;2
1;Valer'evič;m;2
1;Valerian;m;2
1;Valon;m;2
1;Vasil;m;2
1;Vassilios;m;2
1;Vefa;m;2
1;Vehpi;m;2
1;Veit;m;2
1;Vergilov;m;2
1;Veysel;m;2
1;Victor;m;2
1;Viktor;m;2
1;Vinod;m;2
1;Vinzent;m;2
1;Vinzenz;m;2
1;Vitaly;m;2
1;Vittorio;m;2
1;Vladimirov;m;2
1;Vuyani;m;2
1;Vytautas;m;2
1;Washington;m;2
1;Weining;m;2
1;Wellington;m;2
1;Wete;m;2
1;Williams;m;2
1;Willy;m;2
1;Witold;m;2
1;Xaver;m;2
1;Xavier;m;2
1;Xingzhuo;m;2
1;Xiuyuan;m;2
1;Yael;m;2
1;Yancheng;m;2
1;Yanis;m;2
1;Yankov;m;2
1;Yannick;m;2
1;Yasar;m;2
1;Yashar;m;2
1;Yasir;m;2
1;Yavor;m;2
1;Yaw;m;2
1;Yağız;m;2
1;Yaşar;m;2
1;Yeboah;m;2
1;Yemi;m;2
1;Yiğithan;m;2
1;Yoskov;m;2
1;Youssef;m;2
1;Ysaac;m;2
1;Yuan;m;2
1;Yul;m;2
1;Yumer;m;2
1;Yunes;m;2
1;Yushah;m;2
1;Yuşa;m;2
1;Yvo;m;2
1;Zacharias;m;2
1;Zad;m;2
1;Zaid;m;2
1;Zardasht;m;2
1;Zare;m;2
1;Zayn;m;2
1;Zaza;m;2
1;Zenon;m;2
1;Zhichuan;m;2
1;Ziad;m;2
1;Ziva;m;2
1;Zongyin;m;2
1;Zoran;m;2
1;Zubairevič;m;2
1;Zulfikar;m;2
1;Çakır;m;2
1;Şahin;m;2
1;Şakir;m;2
1;Şuayip;m;2
1;Abby;w;1
1;Abby-Lou;w;1
1;Aahil;m;1
1;Abbygale;w;1
1;Aaliyah;m;1
1;Abedah;w;1
1;Aarav;m;1
1;Abeera;w;1
1;Aarom;m;1
1;Abigail;w;1
1;Abd;m;1
1;Acelya;w;1
1;Abdel;m;1
1;Adalida;w;1
1;Abderahman;m;1
1;Adele;w;1
1;Abdou;m;1
1;Adeline;w;1
1;Abdul;m;1
1;Adelisa;w;1
1;Abdul-Rehman;m;1
1;Adelya;w;1
1;Abdulaziz;m;1
1;Aden;w;1
1;Abdulkader;m;1
1;Adina;w;1
1;Abdulkerim;m;1
1;Adrienne;w;1
1;Abdulwahab;m;1
1;Aganmathi;w;1
1;Abimael;m;1
1;Agrippina;w;1
1;Abraam;m;1
1;Ahmet;w;1
1;Abtin;m;1
1;Ahsen-Meryem;w;1
1;Ace;m;1
1;Aidana;w;1
1;Adan;m;1
1;Aikaterini;w;1
1;Adham;m;1
1;Aimelis;w;1
1;Adis;m;1
1;Aimiliana;w;1
1;Adnaan;m;1
1;Ainara;w;1
1;Adonay;m;1
1;Aise;w;1
1;Adrián;m;1
1;Aivi;w;1
1;Adryan;m;1
1;Ajlin;w;1
1;Afron;m;1
1;Ajna;w;1
1;Agit;m;1
1;Ajnur;w;1
1;Ahmad;m;1
1;Akilah;w;1
1;Aitan;m;1
1;Alaia;w;1
1;Ajlan;m;1
1;Alanood;w;1
1;Akim;m;1
1;Alaska;w;1
1;Akın;m;1
1;Alegra;w;1
1;Akio;m;1
1;Alessa;w;1
1;Akmal;m;1
1;Alessia-Amalia;w;1
1;Akram;m;1
1;Aleya;w;1
1;Akyel;m;1
1;Aliana;w;1
1;Al-Karim;m;1
1;Alica;w;1
1;Alan-Kerim;m;1
1;Alicja;w;1
1;Aland;m;1
1;Alida;w;1
1;Alban;m;1
1;Aliki;w;1
1;Albert;m;1
1;Alina-Fabienne;w;1
1;Albion;m;1
1;Alisha;w;1
1;Albrecht;m;1
1;Alisia;w;1
1;Aldo;m;1
1;Alissandra;w;1
1;Aldo-Aurelio;m;1
1;Almas;w;1
1;Aleks;m;1
1;Aloy;w;1
1;Aleksander;m;1
1;Alysha-Sophie;w;1
1;Aleksej;m;1
1;Alyson;w;1
1;Aleksi;m;1
1;Alyssa;w;1
1;Alexandar;m;1
1;Amaia;w;1
1;Alexandre;m;1
1;Amaira;w;1
1;Alexandros;m;1
1;Amali;w;1
1;Alexandru;m;1
1;Amarachukwu;w;1
1;Alexey;m;1
1;Amarella;w;1
1;Alexs;m;1
1;Amaris;w;1
1;Alfred;m;1
1;Amatul;w;1
1;Alhussein;m;1
1;Amelya;w;1
1;Ali-Miran;m;1
1;Ameris;w;1
1;Alihan;m;1
1;Amia;w;1
1;Alisahan;m;1
1;Amilya;w;1
1;Alissa;m;1
1;Aminata;w;1
1;Allnd;m;1
1;Aminenur;w;1
1;Alma;m;1
1;Amitis;w;1
1;Almin;m;1
1;An;w;1
1;Alon;m;1
1;Ana-Maria;w;1
1;Alp-Kaan;m;1
1;Anabelle;w;1
1;Alper;m;1
1;Anagha;w;1
1;Alrik;m;1
1;Anahita;w;1
1;Altay;m;1
1;Anaiah;w;1
1;Alvah;m;1
1;Anano;w;1
1;Alvar;m;1
1;Anastazya;w;1
1;Alve;m;1
1;Anaya;w;1
1;Amadou;m;1
1;Andiya;w;1
1;Amane;m;1
1;Andjelina;w;1
1;Amani;m;1
1;Andrea;w;1
1;Amaro;m;1
1;Andrija;w;1
1;Amel;m;1
1;Anela;w;1
1;Amendra;m;1
1;Anesa;w;1
1;Amet;m;1
1;Anfal;w;1
1;Amil-Leyl;m;1
1;Ange;w;1
1;Amir-Malik;m;1
1;Angel;w;1
1;Amjad;m;1
1;Angelika;w;1
1;Ammo;m;1
1;Angeliki;w;1
1;Amon;m;1
1;Ani;w;1
1;Amon-Johann;m;1
1;Anica;w;1
1;Amran;m;1
1;Aniek;w;1
1;Anaser-Ayan;m;1
1;Anik;w;1
1;Andre;m;1
1;Anika;w;1
1;Andro;m;1
1;Anissa;w;1
1;Anes;m;1
1;Anjarli-Sophie;w;1
1;Angel;m;1
1;Anka;w;1
1;Anh;m;1
1;Ankion;w;1
1;Anik;m;1
1;Ann-Cathrin;w;1
1;Anil;m;1
1;Ann-Kathrin;w;1
1;Anıl;m;1
1;Ann-Sophie;w;1
1;Anir;m;1
1;Anna-Elisabeth;w;1
1;Aniss;m;1
1;Anna-Maria;w;1
1;Anointed;m;1
1;Anna-Marlena;w;1
1;Ansi;m;1
1;Anna-Sofia;w;1
1;Antoni;m;1
1;Annabella;w;1
1;Anuar;m;1
1;Annalena;w;1
1;Anwell;m;1
1;Annaleona;w;1
1;Arad;m;1
1;Anneli;w;1
1;Arafat;m;1
1;Annemarie;w;1
1;Arden;m;1
1;Annemrie;w;1
1;Ardi;m;1
1;Annie;w;1
1;Are;m;1
1;Annik;w;1
1;Arean;m;1
1;Annisa;w;1
1;Arel;m;1
1;Annnika;w;1
1;Aren;m;1
1;Anousch;w;1
1;Arend;m;1
1;Ansella;w;1
1;Ares;m;1
1;Antigona;w;1
1;Argjent;m;1
1;Antonella;w;1
1;Aria;m;1
1;Antonia-Sorina;w;1
1;Arilès;m;1
1;Anureet;w;1
1;Arin;m;1
1;Anuschka;w;1
1;Arion;m;1
1;Anushara;w;1
1;Aris;m;1
1;Anwaar;w;1
1;Arivan;m;1
1;Any;w;1
1;Ariyan;m;1
1;Apollonia;w;1
1;Arman;m;1
1;Appolonie;w;1
1;Armando;m;1
1;Ariadni;w;1
1;Armeljon;m;1
1;Ariane;w;1
1;Armir;m;1
1;Arianna;w;1
1;Arnold;m;1
1;Arijana;w;1
1;Arron;m;1
1;Arin;w;1
1;Arsen;m;1
1;Ariyah;w;1
1;Arssel;m;1
1;Aroa;w;1
1;Artjom;m;1
1;Arsema;w;1
1;Arvid;m;1
1;Arwen;w;1
1;Arvin;m;1
1;Aryana;w;1
1;Arwin;m;1
1;Asenat;w;1
1;Arya;m;1
1;Asil;w;1
1;Arya-Nico;m;1
1;Asja;w;1
1;Aryan;m;1
1;Aslıhan;w;1
1;Asim;m;1
1;Aslihan;w;1
1;Aslan;m;1
1;Asmaa;w;1
1;Aslanbek;m;1
1;Asmera;w;1
1;Asmat;m;1
1;Assal;w;1
1;Asuman;m;1
1;Assia;w;1
1;Athanasios;m;1
1;Assija;w;1
1;Atlas;m;1
1;Assil;w;1
1;Atrin;m;1
1;Assna;w;1
1;Aurelien;m;1
1;Asu;w;1
1;Aurelius;m;1
1;Asude;w;1
1;Aurian;m;1
1;Atay;w;1
1;Avdush;m;1
1;Atia;w;1
1;Avi;m;1
1;Atike;w;1
1;Avraz;m;1
1;Atrina;w;1
1;Avyukt;m;1
1;Aulona;w;1
1;Awab;m;1
1;Aurélie;w;1
1;Awash;m;1
1;Ava-Maria;w;1
1;Axel;m;1
1;Avelina;w;1
1;Ayansh;m;1
1;Avery;w;1
1;Ayham;m;1
1;Aviella;w;1
1;Ayhan;m;1
1;Avila-Juna;w;1
1;Aylen;m;1
1;Avin;w;1
1;Aymen;m;1
1;Avina;w;1
1;Aynur;m;1
1;Avril;w;1
1;Ayrik;m;1
1;Avya;w;1
1;Ayub;m;1
1;Awat;w;1
1;Azem;m;1
1;Aya-Estelle;w;1
1;Azet;m;1
1;Ayca;w;1
1;Badr;m;1
1;Aylis;w;1
1;Baffour-Asare;m;1
1;Ayliz;w;1
1;Bahoz;m;1
1;Aymira;w;1
1;Balazs;m;1
1;Aynisa;w;1
1;Balthasar;m;1
1;Aynişan;w;1
1;Barbod;m;1
1;Ayperi;w;1
1;Baron;m;1
1;Ayse;w;1
1;Barsam;m;1
1;Aysenur;w;1
1;Bartek;m;1
1;Aysima;w;1
1;Bartolomeo;m;1
1;Aysun;w;1
1;Bartosz;m;1
1;Ayten;w;1
1;Bartu;m;1
1;Ayumi;w;1
1;Baruar;m;1
1;Ayșe;w;1
1;Barzan;m;1
1;Azahara;w;1
1;Bas;m;1
1;Azzurra;w;1
1;Batu-Egehan;m;1
1;Bableen;w;1
1;Bavar;m;1
1;Banas;w;1
1;Bavly;m;1
1;Baraa;w;1
1;Baybars;m;1
1;Basma;w;1
1;Bayram;m;1
1;Batool;w;1
1;Behroz;m;1
1;Beauty;w;1
1;Bejtulah;m;1
1;Bedianur;w;1
1;Bekas;m;1
1;Behre;w;1
1;Bekir;m;1
1;Bela;w;1
1;Belami;m;1
1;Benasir;w;1
1;Belan;m;1
1;Benedetta;w;1
1;Ben-Luca;m;1
1;Bengi;w;1
1;Benaja;m;1
1;Bente;w;1
1;Benan;m;1
1;Beraet;w;1
1;Benay;m;1
1;Berfin;w;1
1;Benett;m;1
1;Berna;w;1
1;Bennett;m;1
1;Berrin;w;1
1;Benny;m;1
1;Betelihem;w;1
1;Benyamin;m;1
1;Beya;w;1
1;Beran-Deniz;m;1
1;Bianca;w;1
1;Berhan;m;1
1;Bianka;w;1
1;Berkan;m;1
1;Biav;w;1
1;Berkin;m;1
1;Biblina;w;1
1;Bernhard;m;1
1;Bilge;w;1
1;Bert;m;1
1;Billie-Fay;w;1
1;Besir;m;1
1;Bina;w;1
1;Bhadri;m;1
1;Bine;w;1
1;Biagio;m;1
1;Bisan;w;1
1;Bilel;m;1
1;Bo;w;1
1;Bilge-Kaan;m;1
1;Braziliana;w;1
1;Binjamin;m;1
1;Britney;w;1
1;Biorn;m;1
1;Büsra;w;1
1;Birhat;m;1
1;Büşra;w;1
1;Birkan;m;1
1;Caitlin;w;1
1;Bischoff;m;1
1;Caja;w;1
1;Björn;m;1
1;Calina;w;1
1;Blend;m;1
1;Calixta;w;1
1;Boas;m;1
1;Camila;w;1
1;Bobby;m;1
1;Camilia;w;1
1;Bodo;m;1
1;Camilla;w;1
1;Bohdan;m;1
1;Canan;w;1
1;Bonya;m;1
1;Carl-Oscar;w;1
1;Borislav;m;1
1;Carlian;w;1
1;Boshidar;m;1
1;Carlien;w;1
1;Boubacar;m;1
1;Carlina;w;1
1;Bozhidar;m;1
1;Carmen;w;1
1;Brandon;m;1
1;Carol;w;1
1;Brayan;m;1
1;Carrie;w;1
1;Brixen;m;1
1;Cassandra;w;1
1;Bêjan;m;1
1;Cassia;w;1
1;Cagatay;m;1
1;Cattaleya;w;1
1;Caio;m;1
1;Caziya;w;1
1;Calogero;m;1
1;Celeste;w;1
1;Camilo;m;1
1;Celia;w;1
1;Carlo-Juliano;m;1
1;Celina;w;1
1;Carmelo;m;1
1;Cemile;w;1
1;Casian;m;1
1;Cennet;w;1
1;Castiel;m;1
1;Chahed;w;1
1;Cato;m;1
1;Chakavak;w;1
1;Cavi;m;1
1;Charline;w;1
1;Cebrail;m;1
1;Cherie;w;1
1;Cedric;m;1
1;Chiamaka;w;1
1;Ceger;m;1
1;Chloé;w;1
1;Cemal;m;1
1;Christelle;w;1
1;Cengiz;m;1
1;Christiana;w;1
1;Cenk;m;1
1;Chrystel;w;1
1;Cesur;m;1
1;Ciara;w;1
1;Cevad;m;1
1;Ciellè-Saliha;w;1
1;Ceyhan;m;1
1;Cilina;w;1
1;Charly;m;1
1;Ciyoma;w;1
1;Cheick;m;1
1;Claudia;w;1
1;Cherif;m;1
1;Clea;w;1
1;Chima;m;1
1;Clelia;w;1
1;Chirag;m;1
1;Clementine;w;1
1;Chris;m;1
1;Cosima;w;1
1;Christiano;m;1
1;Dala;w;1
1;Christo;m;1
1;Dali;w;1
1;Chronos;m;1
1;Daliah;w;1
1;Cian;m;1
1;Dalila;w;1
1;Cihan;m;1
1;Daly;w;1
1;Cihangir;m;1
1;Dalya;w;1
1;Cinar;m;1
1;Daniya;w;1
1;Claas;m;1
1;Danja;w;1
1;Clement;m;1
1;Daphné;w;1
1;Cole;m;1
1;Darin;w;1
1;Conner;m;1
1;Daristan;w;1
1;Conrad;m;1
1;Dariya;w;1
1;Cornelius;m;1
1;David;w;1
1;Cosmo;m;1
1;Dawina;w;1
1;Cristian;m;1
1;Debrena;w;1
1;Dagem;m;1
1;Defne-Gizem;w;1
1;Daghan;m;1
1;Delana;w;1
1;Daiyan;m;1
1;Delbar;w;1
1;Dalan;m;1
1;Delila;w;1
1;Damon;m;1
1;Delinya;w;1
1;Daniiel;m;1
1;Delisa;w;1
1;Daniil;m;1
1;Delveta;w;1
1;Danis;m;1
1;Demira;w;1
1;Daniyal;m;1
1;Denisa;w;1
1;Danny;m;1
1;Desirée;w;1
1;Danyel;m;1
1;Diara;w;1
1;Daram;m;1
1;Diba;w;1
1;Darijo;m;1
1;Dida;w;1
1;Dariusch;m;1
1;Dijana;w;1
1;Dariush;m;1
1;Dilan;w;1
1;Dariusz;m;1
1;Dilbar;w;1
1;Dariyan;m;1
1;Dilek;w;1
1;Darren;m;1
1;Dilpreet;w;1
1;Darvan;m;1
1;Dilruba;w;1
1;Darwan;m;1
1;Dione;w;1
1;Darwin;m;1
1;Dior;w;1
1;Daryl;m;1
1;Diora;w;1
1;Dastan;m;1
1;Divanka;w;1
1;Dauud;m;1
1;Divine;w;1
1;Davud;m;1
1;Divya;w;1
1;Dawid;m;1
1;Diyar;w;1
1;Dean;m;1
1;Djamila;w;1
1;Delano;m;1
1;Djoumana;w;1
1;Delayn;m;1
1;Doha;w;1
1;Deler;m;1
1;Doriana;w;1
1;Delhat;m;1
1;Dorothee;w;1
1;Delian;m;1
1;Doğanay;w;1
1;Delyar;m;1
1;Dzevrije;w;1
1;Demetrios;m;1
1;Dzhena;w;1
1;Demir;m;1
1;Dünya;w;1
1;Demis;m;1
1;Ebba;w;1
1;Denislav;m;1
1;Ecem;w;1
1;Denzel;m;1
1;Ecrin;w;1
1;Deran;m;1
1;Edanur;w;1
1;Derman;m;1
1;Edona;w;1
1;Dev;m;1
1;Efrat;w;1
1;Devid;m;1
1;Efrata;w;1
1;Deylon;m;1
1;Eftelya;w;1
1;Deyyan;m;1
1;Ejona;w;1
1;Dhruv;m;1
1;Ekaterini;w;1
1;Dieudonne;m;1
1;Elaina;w;1
1;Dima;m;1
1;Elana;w;1
1;Dinay;m;1
1;Elayna;w;1
1;Dindar;m;1
1;Eldana;w;1
1;Dinyar;m;1
1;Eldina;w;1
1;Dior;m;1
1;Eleen;w;1
1;Divan;m;1
1;Eleina;w;1
1;Diyan;m;1
1;Eleonore;w;1
1;Diyarcan;m;1
1;Eleyna;w;1
1;Dlaver;m;1
1;Elia;w;1
1;Dlhat;m;1
1;Elien;w;1
1;Domenic;m;1
1;Elifnaz;w;1
1;Domenik;m;1
1;Elifnisa;w;1
1;Dorian;m;1
1;Elifsu;w;1
1;Doron;m;1
1;Eline;w;1
1;Doruk;m;1
1;Elis;w;1
1;Drew;m;1
1;Elisavetha;w;1
1;Dustin;m;1
1;Elisia;w;1
1;Dwain;m;1
1;Elissavet;w;1
1;Dávid;m;1
1;Eliz-Alin;w;1
1;Dénil;m;1
1;Elizabet;w;1
1;Džan;m;1
1;Elizabetta;w;1
1;Eben;m;1
1;Elizaveta;w;1
1;Eddy;m;1
1;Ella-Marie;w;1
1;Edgar;m;1
1;Elleonora;w;1
1;Edoardo;m;1
1;Elliana;w;1
1;Edos;m;1
1;Ellina;w;1
1;Eduardo-Cristian;m;1
1;Elly;w;1
1;Efecan;m;1
1;Elma;w;1
1;Efehan;m;1
1;Elmedina;w;1
1;Egemen;m;1
1;Eloïse;w;1
1;Egor;m;1
1;Elvira;w;1
1;Ehtibar;m;1
1;Elya;w;1
1;Ekin;m;1
1;Elysée;w;1
1;Ekrem;m;1
1;Eléa;w;1
1;Elan;m;1
1;Ema;w;1
1;Eldad;m;1
1;Emelly;w;1
1;Eldar;m;1
1;Emely-Isabella;w;1
1;Eli;m;1
1;Emely-Jolie;w;1
1;Eliel;m;1
1;Emely-Klara;w;1
1;Elija;m;1
1;Emese;w;1
1;Elijas;m;1
1;Emike;w;1
1;Elion;m;1
1;Emiliy;w;1
1;Elisej;m;1
1;Emily-Sophie;w;1
1;Elizabeth;m;1
1;Emir;w;1
1;Elmar;m;1
1;Emissa;w;1
1;Elmedin;m;1
1;Emma-Luise;w;1
1;Elmin;m;1
1;Emmelie;w;1
1;Eloy;m;1
1;Emmie;w;1
1;Elvio;m;1
1;Emmy;w;1
1;Elyasa;m;1
1;Emnet;w;1
1;Emiel;m;1
1;Emy;w;1
1;Emilias;m;1
1;Enisa;w;1
1;Emilio-Emin;m;1
1;Enni;w;1
1;Endrit;m;1
1;Enora;w;1
1;Enea;m;1
1;Enuara;w;1
1;Eneo;m;1
1;Era;w;1
1;Enis;m;1
1;Eren;w;1
1;Ennio;m;1
1;Erika;w;1
1;Enrico;m;1
1;Erin;w;1
1;Enzi;m;1
1;Erina;w;1
1;Enzo;m;1
1;Erlisa;w;1
1;Eos;m;1
1;Ermia;w;1
1;Erdal;m;1
1;Ermira;w;1
1;Erdem;m;1
1;Erona;w;1
1;Eren;m;1
1;Eslem-Fatma;w;1
1;Erfan;m;1
1;Estelya;w;1
1;Erick;m;1
1;Eunice;w;1
1;Erim;m;1
1;Evi;w;1
1;Erin;m;1
1;Evla;w;1
1;Erion;m;1
1;Evîn;w;1
1;Erjan;m;1
1;Ewin;w;1
1;Erkan;m;1
1;Eyleen;w;1
1;Ernest;m;1
1;Eylül;w;1
1;Erol;m;1
1;Eysa;w;1
1;Ervin;m;1
1;Ezzah;w;1
1;Eryk;m;1
1;Faden;w;1
1;Evangelos;m;1
1;Fadime;w;1
1;Even;m;1
1;Fanny;w;1
1;Evgeni;m;1
1;Farina;w;1
1;Evin;m;1
1;Farnia;w;1
1;Eylül;m;1
1;Faroudja;w;1
1;Eyuel;m;1
1;Fateme;w;1
1;Eyup;m;1
1;Fati;w;1
1;Eyyub;m;1
1;Fatıma;w;1
1;Eyyüp;m;1
1;Fatou;w;1
1;Eyüb;m;1
1;Fatoumata;w;1
1;Eze-ego;m;1
1;Feena;w;1
1;Ešref;m;1
1;Fehima;w;1
1;Fabián;m;1
1;Felicity;w;1
1;Fadi;m;1
1;Felipa;w;1
1;Faik;m;1
1;Fentje;w;1
1;Fait;m;1
1;Fernanda;w;1
1;Fakri;m;1
1;Filia;w;1
1;Farboud;m;1
1;Filiz;w;1
1;Farhad;m;1
1;Filomena;w;1
1;Farid;m;1
1;Finnja;w;1
1;Farouk;m;1
1;Finya;w;1
1;Farshad;m;1
1;Firdaus;w;1
1;Farzad;m;1
1;Flavia;w;1
1;Fatmir;m;1
1;Florine;w;1
1;Federico;m;1
1;Flourish;w;1
1;Fedor;m;1
1;Franca;w;1
1;Fenno;m;1
1;Francisca;w;1
1;Ferheng;m;1
1;Franzi;w;1
1;Fidelio;m;1
1;Frederike;w;1
1;Fin;m;1
1;Freja;w;1
1;Finn-Elias;m;1
1;Frenja;w;1
1;Finnley;m;1
1;Freya;w;1
1;Fionn;m;1
1;Freyja;w;1
1;Floki;m;1
1;Gabriella;w;1
1;Florentin;m;1
1;Gabrielle;w;1
1;Florijan;m;1
1;Gea;w;1
1;Florin;m;1
1;Genan;w;1
1;Flynn;m;1
1;Genevieve;w;1
1;Fran;m;1
1;Georgia;w;1
1;Franco;m;1
1;Gergana;w;1
1;Franziskus;m;1
1;Gesa;w;1
1;Freddy;m;1
1;Ghazel;w;1
1;Frederick;m;1
1;Giehan;w;1
1;Freskim;m;1
1;Gioia;w;1
1;Frieder;m;1
1;Giorgia;w;1
1;Friedo;m;1
1;Gisela;w;1
1;Fynn-Taylor;m;1
1;Gisellè;w;1
1;Galiardo;m;1
1;Giuliana;w;1
1;Gani;m;1
1;Giuliana-Maria;w;1
1;Gaspard;m;1
1;Gizem;w;1
1;Gavin;m;1
1;Gouri;w;1
1;Georg;m;1
1;Grazia-Pia;w;1
1;Georgie;m;1
1;Grete;w;1
1;Gereon;m;1
1;Guadalupe;w;1
1;German;m;1
1;Gulistan;w;1
1;Gerrard;m;1
1;Gurleen;w;1
1;Gerrit;m;1
1;Gülnar;w;1
1;Gersi;m;1
1;Hadil;w;1
1;Gerwin;m;1
1;Hadizha;w;1
1;Gesuè;m;1
1;Hadja;w;1
1;Gianluigi;m;1
1;Hadya;w;1
1;Giano;m;1
1;Hafiza;w;1
1;Gino;m;1
1;Hafsa;w;1
1;Gioacchino;m;1
1;Hafsa-Merve;w;1
1;Gioachino;m;1
1;Halbast;w;1
1;Gionata;m;1
1;Haley;w;1
1;Giorgio;m;1
1;Halina;w;1
1;Giulian;m;1
1;Halyn;w;1
1;Giulio;m;1
1;Hanaa;w;1
1;Gleb;m;1
1;Hanalei;w;1
1;Glen;m;1
1;Hanan;w;1
1;Glenn;m;1
1;Hania;w;1
1;Godstime;m;1
1;Hanin;w;1
1;Godwin;m;1
1;Hanni;w;1
1;Gonzalo;m;1
1;Hargunpreet;w;1
1;Gregory;m;1
1;Harleen;w;1
1;Grégoire;m;1
1;Harriet;w;1
1;Gökay;m;1
1;Hasnaa;w;1
1;Görkem;m;1
1;Hasret;w;1
1;Gündüzkaan;m;1
1;Hatiče-Melek;w;1
1;Güneycan;m;1
1;Havva;w;1
1;Güven;m;1
1;Hayal;w;1
1;Haeum;m;1
1;Hayet;w;1
1;Haider;m;1
1;Hayley-Jade;w;1
1;Hakan;m;1
1;Haylie;w;1
1;Haki;m;1
1;Heavenly;w;1
1;Halit;m;1
1;Heba;w;1
1;Halit-Kemal;m;1
1;Hedy;w;1
1;Hamish;m;1
1;Heide;w;1
1;Hamit;m;1
1;Heidi;w;1
1;Hamsa;m;1
1;Helan;w;1
1;Hamze;m;1
1;Heleni;w;1
1;Hanaan;m;1
1;Helina;w;1
1;Hanjo;m;1
1;Hella;w;1
1;Hanon;m;1
1;Helvin;w;1
1;Hardy;m;1
1;Helèna;w;1
1;Haris;m;1
1;Hena;w;1
1;Harman;m;1
1;Hennaya;w;1
1;Hasnain;m;1
1;Herjin;w;1
1;Hassib;m;1
1;Hevi;w;1
1;Hatem;m;1
1;Hevin;w;1
1;Haydar;m;1
1;Hezal;w;1
1;Haytham;m;1
1;Hidaya;w;1
1;Heaven;m;1
1;Hifa;w;1
1;Hedi;m;1
1;Hifanur;w;1
1;Heiner;m;1
1;Hilary;w;1
1;Helgi;m;1
1;Hilla;w;1
1;Helmut;m;1
1;Hilma;w;1
1;Hendrix;m;1
1;Hira-Necibe;w;1
1;Henrick;m;1
1;Hiranur;w;1
1;Henricus;m;1
1;Hiranur-Hayriye;w;1
1;Herkus;m;1
1;Hirut;w;1
1;Hermes;m;1
1;Hitap;w;1
1;Hescham;m;1
1;Hivdanur;w;1
1;Hewend;m;1
1;Hiyabel;w;1
1;Hewi;m;1
1;Huraa;w;1
1;Hewidar;m;1
1;Hümaşah;w;1
1;Heyi;m;1
1;Hüsna;w;1
1;Hicham;m;1
1;Ida-Eleni;w;1
1;Hildan;m;1
1;Ida-Mey;w;1
1;Hiten;m;1
1;Iga;w;1
1;Hongxi;m;1
1;İkra-Sultan;w;1
1;Horatio;m;1
1;Ilana;w;1
1;Hugo-Ferdinand;m;1
1;Ilari;w;1
1;Humam;m;1
1;Ilay;w;1
1;Hussein;m;1
1;Ilayda;w;1
1;Huzeyfe;m;1
1;Ilayda-Emine;w;1
1;Iain;m;1
1;Ilea;w;1
1;Idris;m;1
1;Iliana;w;1
1;Ignac;m;1
1;Ilina;w;1
1;Ihsaan;m;1
1;Ilirijana;w;1
1;Ijaz;m;1
1;Ilona;w;1
1;Ikemefuna;m;1
1;Ilse;w;1
1;Ilan;m;1
1;İlsu;w;1
1;Ilham;m;1
1;Ilva;w;1
1;Ilias-Mounir;m;1
1;Ilvi;w;1
1;İlkay;m;1
1;Inass;w;1
1;Illias;m;1
1;Inayah;w;1
1;Ilyas-Karim;m;1
1;İnci;w;1
1;Iman;m;1
1;Indira;w;1
1;Immanuel;m;1
1;Ine;w;1
1;Immer;m;1
1;Inge;w;1
1;Immo;m;1
1;Inna;w;1
1;Inti;m;1
1;Inçi;w;1
1;Ioan;m;1
1;Inès;w;1
1;Ion;m;1
1;İpek;w;1
1;Ionas;m;1
1;Ira;w;1
1;Ira;m;1
1;Irena;w;1
1;Iraklis;m;1
1;Irmak;w;1
1;Isa;m;1
1;Isabella-Sophie;w;1
1;Isaiah;m;1
1;Isla;w;1
1;Ishaan;m;1
1;İsminaz;w;1
1;İsmail;m;1
1;Ivanina;w;1
1;Ismet;m;1
1;Jade;w;1
1;İsrafil;m;1
1;Jahmila;w;1
1;Issa;m;1
1;Jale;w;1
1;Itan;m;1
1;Jalyna-Alicja;w;1
1;Ivailo;m;1
1;Janaa;w;1
1;Ivano;m;1
1;Janelle;w;1
1;Iwo;m;1
1;Janet;w;1
1;Iyan;m;1
1;Jania;w;1
1;Iylan;m;1
1;Janina;w;1
1;Işıkhan;m;1
1;Janka;w;1
1;Jaad;m;1
1;Jara;w;1
1;Jaber;m;1
1;Jazleen;w;1
1;Jack-Sullivan;m;1
1;Jeanetta;w;1
1;Jacopo;m;1
1;Jeannice;w;1
1;Jacub;m;1
1;Jeelste;w;1
1;Jad;m;1
1;Jehan;w;1
1;Jade;m;1
1;Jela;w;1
1;Jadiel;m;1
1;Jenna;w;1
1;Jai;m;1
1;Jenniffer;w;1
1;Jake;m;1
1;Jesnel;w;1
1;Jamilo-Milano;m;1
1;Jetessa;w;1
1;Jan-Julian;m;1
1;Jhanvi;w;1
1;Janis;m;1
1;Jilan;w;1
1;Jannah;m;1
1;Jiuqi;w;1
1;Jannek;m;1
1;Joana;w;1
1;Jannick;m;1
1;Joebetshlyn;w;1
1;Janto;m;1
1;Jolanda;w;1
1;Janus;m;1
1;Jolene;w;1
1;Jarno;m;1
1;Jolie;w;1
1;Jaser;m;1
1;Jomana;w;1
1;Jasha;m;1
1;Jordis;w;1
1;Jasin;m;1
1;Josefa;w;1
1;Jato;m;1
1;Josefina;w;1
1;Jay;m;1
1;Josephina;w;1
1;Jayden-Shane;m;1
1;Josie;w;1
1;Jaydon;m;1
1;Josie-Katelyn;w;1
1;Jayson;m;1
1;Joséphine;w;1
1;Jean;m;1
1;Joudi;w;1
1;Jean-Lioner;m;1
1;Joulina;w;1
1;Jed;m;1
1;Joy;w;1
1;Jelal;m;1
1;Joyce;w;1
1;Jellle;m;1
1;Judy;w;1
1;Jens;m;1
1;Juha;w;1
1;Jermain;m;1
1;Julian;w;1
1;Jero;m;1
1;Juliane;w;1
1;Jeronimo;m;1
1;Julika;w;1
1;Jesko;m;1
1;Juline;w;1
1;Jesper;m;1
1;July;w;1
1;Jess;m;1
1;Jumana;w;1
1;Jiayue;m;1
1;Junia;w;1
1;Jibrail;m;1
1;Juno;w;1
1;Jifara;m;1
1;Jutta;w;1
1;Jiuar;m;1
1;Juvana;w;1
1;Joe;m;1
1;Kader;w;1
1;Joel-Bado;m;1
1;Kadijat;w;1
1;Johanns;m;1
1;Kamilla;w;1
1;Jonahh;m;1
1;Kanta;w;1
1;Jonart;m;1
1;Karalina;w;1
1;Jonatan;m;1
1;Karolin;w;1
1;Jonathan-Edward;m;1
1;Karthikaya;w;1
1;Jone;m;1
1;Katarina;w;1
1;Joni;m;1
1;Kate;w;1
1;Jood;m;1
1;Katerina;w;1
1;Joost;m;1
1;Katherine;w;1
1;Joran;m;1
1;Kathrin;w;1
1;Jorge;m;1
1;Katica;w;1
1;Jos;m;1
1;Katie;w;1
1;Josch;m;1
1;Katinka;w;1
1;Joschua;m;1
1;Katja;w;1
1;Josh;m;1
1;Katrine;w;1
1;Jost;m;1
1;Kawtar;w;1
1;Josué;m;1
1;Kellie;w;1
1;Joud;m;1
1;Kelsi;w;1
1;Joël;m;1
1;Kelycia;w;1
1;Juan;m;1
1;Kendel;w;1
1;Jubin;m;1
1;Keslin;w;1
1;Jules;m;1
1;Keti;w;1
1;Juluis;m;1
1;Ketsia;w;1
1;Junus;m;1
1;Keyla-Sherin;w;1
1;Juriaan;m;1
1;Kezia;w;1
1;Jurij;m;1
1;Kheira;w;1
1;Juris;m;1
1;Khuslen;w;1
1;Jusef;m;1
1;Kimberley;w;1
1;Jón;m;1
1;Kimberly;w;1
1;Kadem;m;1
1;Kimiya;w;1
1;Kais;m;1
1;Kinza;w;1
1;Kajetan;m;1
1;Klea;w;1
1;Kallias;m;1
1;Kornelia;w;1
1;Kamil;m;1
1;Kostana;w;1
1;Kamran;m;1
1;Kria;w;1
1;Karan;m;1
1;Kristin;w;1
1;Karisan;m;1
1;Kristine;w;1
1;Karl-Theodor;m;1
1;Krystal;w;1
1;Karlson;m;1
1;Ksenia;w;1
1;Karlsson;m;1
1;Kulthum;w;1
1;Kasem;m;1
1;Kumsal;w;1
1;Kasimir;m;1
1;Käthe;w;1
1;Kaspar;m;1
1;Laetitia;w;1
1;Kaspian;m;1
1;Laja;w;1
1;Katip;m;1
1;Lamar;w;1
1;Kaya;m;1
1;Lamija;w;1
1;Kayl;m;1
1;Lamiya;w;1
1;Kayra;m;1
1;Lamya;w;1
1;Keiran;m;1
1;Lana-Marie;w;1
1;Keke;m;1
1;Lani;w;1
1;Ken;m;1
1;Lanika;w;1
1;Kerem-Kaan;m;1
1;Lanwe;w;1
1;Keremcan;m;1
1;Larah;w;1
1;Kevin-Nicolas;m;1
1;Laria;w;1
1;Keyhan;m;1
1;Larina;w;1
1;Khepry;m;1
1;Laura-Marie;w;1
1;Kheynoéh;m;1
1;Lava;w;1
1;Kiaan;m;1
1;Lavinea;w;1
1;Kianu;m;1
1;Lavinia;w;1
1;Kimon;m;1
1;Lawa;w;1
1;Kinan;m;1
1;Lawin;w;1
1;Kirian;m;1
1;Leah-Emilia;w;1
1;Kirubel;m;1
1;Leanora;w;1
1;Kıyan;m;1
1;Learta;w;1
1;Kiyan-Veli;m;1
1;Lediona;w;1
1;Kjell;m;1
1;Leea;w;1
1;Klaas;m;1
1;Leia;w;1
1;Kleidis;m;1
1;Leilani;w;1
1;Klevin;m;1
1;Lelia;w;1
1;Klodian;m;1
1;Lena-Sofie;w;1
1;Korbinian;m;1
1;Leni-Marleen;w;1
1;Kossi;m;1
1;Lenina;w;1
1;Kosuke;m;1
1;Lenna;w;1
1;Kousay;m;1
1;Lennar;w;1
1;Krasimir;m;1
1;Lennja;w;1
1;Kristiyan;m;1
1;Leonor;w;1
1;Kristóf;m;1
1;Leonore;w;1
1;Krysztof;m;1
1;Leora;w;1
1;Kubrat;m;1
1;Leyan;w;1
1;Kuno;m;1
1;Leyya;w;1
1;Kuzej;m;1
1;Lia-Amalia;w;1
1;Kyle;m;1
1;Lia-Marleen;w;1
1;Kylian;m;1
1;Lia-Sophie;w;1
1;Kürşat;m;1
1;Liah-Jouline;w;1
1;Laith;m;1
1;Liah-Sophie;w;1
1;Lajos;m;1
1;Lian;w;1
1;Lakan;m;1
1;Lianna;w;1
1;Lali;m;1
1;Lidya;w;1
1;Lambert;m;1
1;Lielet;w;1
1;Lamine;m;1
1;Liesel;w;1
1;Lara;m;1
1;Lijeta;w;1
1;Lauan;m;1
1;Lilas;w;1
1;Laurent;m;1
1;Lilian;w;1
1;Lauri;m;1
1;Liliana-Milia;w;1
1;Lauro;m;1
1;Lilit;w;1
1;Lavand;m;1
1;Lilja;w;1
1;Lavin;m;1
1;Lilla;w;1
1;Lawe;m;1
1;Lilli-Marleen;w;1
1;Ledian;m;1
1;Lillianne;w;1
1;Ledion;m;1
1;Lillie;w;1
1;Lemar;m;1
1;Lillit;w;1
1;Lenard;m;1
1;Lilly-Marie;w;1
1;Lennaro;m;1
1;Lilo;w;1
1;Lenni;m;1
1;Lilya;w;1
1;Lennox-Alexander;m;1
1;Lilyana;w;1
1;Leno;m;1
1;Lina-Marie;w;1
1;Leon-Noel;m;1
1;Linas;w;1
1;Leron;m;1
1;Linde;w;1
1;Leroy;m;1
1;Lioba;w;1
1;Leutrim;m;1
1;Liona;w;1
1;Levente;m;1
1;Lis;w;1
1;Levio;m;1
1;Lisabet;w;1
1;Lewa;m;1
1;Lisanne;w;1
1;Lewis;m;1
1;Lise;w;1
1;Leyth;m;1
1;Lisette;w;1
1;Leó;m;1
1;Lissa;w;1
1;Liam-Ara;m;1
1;Litó;w;1
1;Liard;m;1
1;Liyah;w;1
1;Lijon;m;1
1;Liyat;w;1
1;Lirim;m;1
1;Liza;w;1
1;Liyan;m;1
1;Lizda;w;1
1;Liêm;m;1
1;Lizz;w;1
1;Loan;m;1
1;Ljiljana;w;1
1;Loliyan;m;1
1;Loaven;w;1
1;Lomeo;m;1
1;Lolle;w;1
1;Loqman;m;1
1;Lonia;w;1
1;Loris;m;1
1;Lore;w;1
1;Louan;m;1
1;Lorea;w;1
1;Louay;m;1
1;Loreena;w;1
1;Louie;m;1
1;Lorelly-Irya;w;1
1;Louiz;m;1
1;Lori;w;1
1;Lovan;m;1
1;Lotte-Fenja;w;1
1;Lovell;m;1
1;Louisa-Marie;w;1
1;Lovepreet;m;1
1;Luca;w;1
1;Luca-Joel;m;1
1;Lucca;w;1
1;Lucas-Giuliano;m;1
1;Lucienne;w;1
1;Lucian;m;1
1;Lucinda;w;1
1;Luiz;m;1
1;Lucía;w;1
1;Lukas-Tim;m;1
1;Ludmilla;w;1
1;Lumen;m;1
1;Luka;w;1
1;Luuan;m;1
1;Lulya;w;1
1;Lyston;m;1
1;Luna-Maria;w;1
1;Léon;m;1
1;Lunja;w;1
1;Lükko;m;1
1;Lusia;w;1
1;Maad;m;1
1;Lyana;w;1
1;Maceo;m;1
1;Lydia;w;1
1;Mahan;m;1
1;Lynett;w;1
1;Mahyar;m;1
1;Lyvia;w;1
1;Maik;m;1
1;Maahi;w;1
1;Maikel;m;1
1;Maarja;w;1
1;Maiko;m;1
1;Madison;w;1
1;Majd;m;1
1;Madleen;w;1
1;Majidallah;m;1
1;Madleina;w;1
1;Maksim;m;1
1;Madlen;w;1
1;Maksymilian;m;1
1;Madlin;w;1
1;Malik-Lionel;m;1
1;Mado;w;1
1;Malio;m;1
1;Madonna;w;1
1;Malkhas;m;1
1;Mae;w;1
1;Malo;m;1
1;Magbula;w;1
1;Malou;m;1
1;Magdalena;w;1
1;Mamady;m;1
1;Maggie;w;1
1;Manabu;m;1
1;Mahya;w;1
1;Manan;m;1
1;Mai;w;1
1;Manesht;m;1
1;Maike;w;1
1;Mani;m;1
1;Mailin;w;1
1;Manoah;m;1
1;Mairi;w;1
1;Manol;m;1
1;Maj;w;1
1;Manolo;m;1
1;Majesty;w;1
1;Mansa;m;1
1;Majide-Nur;w;1
1;Marat;m;1
1;Malee;w;1
1;Marcelo;m;1
1;Malekah;w;1
1;Marcus;m;1
1;Malena;w;1
1;Mardin;m;1
1;Malia-Nora;w;1
1;Marek;m;1
1;Malisha;w;1
1;Mariam;m;1
1;Maliya;w;1
1;Mariano;m;1
1;Malou-Noemi;w;1
1;Marijan;m;1
1;Malu;w;1
1;Marijano;m;1
1;Malvin;w;1
1;Marin;m;1
1;Malvina;w;1
1;Maris;m;1
1;Mana;w;1
1;Marius;m;1
1;Manahil;w;1
1;Marko;m;1
1;Mane;w;1
1;Markon;m;1
1;Maneli;w;1
1;Marley;m;1
1;Marah;w;1
1;Maro;m;1
1;Maranata;w;1
1;Marosch;m;1
1;Maraya;w;1
1;Marsel;m;1
1;Marcelina;w;1
1;Martino;m;1
1;Mardjane;w;1
1;Marvelous;m;1
1;Mareli;w;1
1;Marwin;m;1
1;Maren;w;1
1;Masar;m;1
1;Maresa;w;1
1;Masio;m;1
1;Margaret;w;1
1;Mason;m;1
1;Margareta;w;1
1;Masoud;m;1
1;Margarete;w;1
1;Massimo;m;1
1;Margarita;w;1
1;Matej;m;1
1;Maria-Roberta;w;1
1;Mateusz;m;1
1;Marie-Betsalel;w;1
1;Mathéo;m;1
1;Marie-Christin;w;1
1;Matija;m;1
1;Marie-Lizou;w;1
1;Matilda;m;1
1;Mariel;w;1
1;Matin;m;1
1;Mariele;w;1
1;Mattheo;m;1
1;Marielle;w;1
1;Mattia;m;1
1;Mariem;w;1
1;Matvey;m;1
1;Marija;w;1
1;Matwej;m;1
1;Marileen;w;1
1;Matze;m;1
1;Marita;w;1
1;Maurizio;m;1
1;Marlen;w;1
1;Max-Elias;m;1
1;Marlien;w;1
1;Maximus;m;1
1;Marlies;w;1
1;Maylon;m;1
1;Marline;w;1
1;Mayson;m;1
1;Marlis;w;1
1;Medin;m;1
1;Mary;w;1
1;Mehdi;m;1
1;Marya;w;1
1;Mehran;m;1
1;Maryem;w;1
1;Mehrsam;m;1
1;Marysol;w;1
1;Menil;m;1
1;María;w;1
1;Mensi;m;1
1;Masa;w;1
1;Merin;m;1
1;Mascha;w;1
1;Merlin;m;1
1;Matea;w;1
1;Mestan;m;1
1;Mathild;w;1
1;Mete-Ali;m;1
1;Matylda;w;1
1;Mevlan;m;1
1;Mavis;w;1
1;Mian;m;1
1;Maxie;w;1
1;Mica;m;1
1;Maxime;w;1
1;Micah;m;1
1;Maxina;w;1
1;Michail;m;1
1;Maxine;w;1
1;Michelangelo;m;1
1;Maya-Ida;w;1
1;Mick;m;1
1;Mayalina;w;1
1;Mickael;m;1
1;Mayari;w;1
1;Mijo;m;1
1;Mayleen;w;1
1;Mik;m;1
1;Mayra;w;1
1;Mikailali;m;1
1;Mayven;w;1
1;Mikel;m;1
1;Maëlle;w;1
1;Mikis;m;1
1;Maíra;w;1
1;Miklas;m;1
1;Meggy;w;1
1;Milas;m;1
1;Mehtap;w;1
1;Miles;m;1
1;Meike;w;1
1;Miljan;m;1
1;Meili;w;1
1;Milo-Eliano;m;1
1;Meissa;w;1
1;Milos;m;1
1;Mejra;w;1
1;Miloš;m;1
1;Melahat;w;1
1;Minh;m;1
1;Meletia;w;1
1;Mino;m;1
1;Melidia;w;1
1;Mirat;m;1
1;Melija;w;1
1;Miray;m;1
1;Melin;w;1
1;Mirco;m;1
1;Melina-Alessia;w;1
1;Mirhat;m;1
1;Melodie;w;1
1;Mirkhan;m;1
1;Melody-Sophie;w;1
1;Misael;m;1
1;Merdina;w;1
1;Misbah-Hasaanul;m;1
1;Merie-Ann;w;1
1;Misha;m;1
1;Meriem;w;1
1;Mithran;m;1
1;Merva;w;1
1;Mitja;m;1
1;Meryam;w;1
1;Mizgin;m;1
1;Mesgana;w;1
1;Moayed;m;1
1;Meta;w;1
1;Moe;m;1
1;Meyla;w;1
1;Mohamad;m;1
1;Mi-Hwan;w;1
1;Mohammed-Amin;m;1
1;Mia-Jolin;w;1
1;Mohmed;m;1
1;Mia-Leni;w;1
1;Mohssen;m;1
1;Mia-Lotta;w;1
1;Morad;m;1
1;Micela;w;1
1;Moreno;m;1
1;Midina;w;1
1;Mosse;m;1
1;Mihrinur;w;1
1;Mounir;m;1
1;Mika;w;1
1;Mughees;m;1
1;Mila-Jasemin;w;1
1;Muhamad;m;1
1;Mila-Sophie;w;1
1;Muhammed-Emin;m;1
1;Milan;w;1
1;Munir;m;1
1;Milanea;w;1
1;Muris;m;1
1;Milea;w;1
1;Muscab;m;1
1;Milia;w;1
1;Musstafa;m;1
1;Milika;w;1
1;Mximilian;m;1
1;Milina;w;1
1;Mátyás;m;1
1;Millie;w;1
1;Máté;m;1
1;Minh;w;1
1;Mîran;m;1
1;Minna;w;1
1;Nadia;m;1
1;Minou;w;1
1;Naher;m;1
1;Mirabel;w;1
1;Nahom;m;1
1;Mirana;w;1
1;Nahuel;m;1
1;Miraç;w;1
1;Nahveen;m;1
1;Mirha;w;1
1;Naim;m;1
1;Mirija;w;1
1;Nalu;m;1
1;Mirijem;w;1
1;Nami;m;1
1;Mirjana;w;1
1;Namo;m;1
1;Mirna;w;1
1;Naser;m;1
1;Mirra;w;1
1;Nasser;m;1
1;Miya;w;1
1;Nassim;m;1
1;Mofeyintoluwa;w;1
1;Nathaniel;m;1
1;Monia;w;1
1;Nathen;m;1
1;Monika;w;1
1;Nauél;m;1
1;Mora;w;1
1;Naveen;m;1
1;Morena;w;1
1;Navid;m;1
1;Moyi;w;1
1;Nazareno;m;1
1;Mozhde;w;1
1;Nazif;m;1
1;Mukanya;w;1
1;Nebi;m;1
1;Muna;w;1
1;Necmeddin;m;1
1;Munira;w;1
1;Nehemiah;m;1
1;Muslima;w;1
1;Nelo;m;1
1;Myline;w;1
1;Neno;m;1
1;Myna;w;1
1;Nepomuk;m;1
1;Mónica;w;1
1;Nero;m;1
1;Nadhifa;w;1
1;Nessim;m;1
1;Nadin;w;1
1;Neymar;m;1
1;Nadira;w;1
1;Ngọc;m;1
1;Nadya;w;1
1;Niar;m;1
1;Nafisa;w;1
1;Nicholas;m;1
1;Nagma;w;1
1;Nicklas;m;1
1;Naima;w;1
1;Nicola;m;1
1;Naja;w;1
1;Nicolás;m;1
1;Nandinzaya;w;1
1;Nicolò;m;1
1;Naomy;w;1
1;Nihad;m;1
1;Nargiz;w;1
1;Niilo;m;1
1;Nassima;w;1
1;Nik;m;1
1;Nassira;w;1
1;Nika;m;1
1;Natali;w;1
1;Nikas;m;1
1;Natalia;w;1
1;Niklaas;m;1
1;Nathalie;w;1
1;Nikolai;m;1
1;Nava;w;1
1;Nikolaie;m;1
1;Nazrin;w;1
1;Nikolaj;m;1
1;Naëlle;w;1
1;Nikolaos;m;1
1;Nedime;w;1
1;Nikolas;m;1
1;Neea;w;1
1;Nikos;m;1
1;Nefeli;w;1
1;Nilas;m;1
1;Neha;w;1
1;Nilo;m;1
1;Nelli;w;1
1;Nino;m;1
1;Nellissa;w;1
1;Ninos;m;1
1;Nenna;w;1
1;Niyazi;m;1
1;Nesibe;w;1
1;Noah-Joel;m;1
1;Nesrin;w;1
1;Nobel;m;1
1;Neva;w;1
1;Noh;m;1
1;Nevin;w;1
1;Nouel;m;1
1;Nevra;w;1
1;Nouh;m;1
1;Neyli;w;1
1;Noyan;m;1
1;Nieke;w;1
1;Nurican;m;1
1;Nienke;w;1
1;Octavian;m;1
1;Nihal;w;1
1;Oguzhan;m;1
1;Niki;w;1
1;Oisín;m;1
1;Nikol;w;1
1;Om;m;1
1;Nikolina;w;1
1;Omid;m;1
1;Nila-Soleil;w;1
1;Orestis;m;1
1;Nilay;w;1
1;Orges;m;1
1;Nilaya;w;1
1;Osasere;m;1
1;Nireti;w;1
1;Osaugwe;m;1
1;Nisanur;w;1
1;Othman;m;1
1;Nitya;w;1
1;Ouassim;m;1
1;Niyan;w;1
1;Ove;m;1
1;Njinga;w;1
1;Owen;m;1
1;Noahrina;w;1
1;Oğulcan;m;1
1;Noara;w;1
1;Oğuzhan;m;1
1;Noela;w;1
1;Paco;m;1
1;Nola;w;1
1;Paimaan;m;1
1;Noura;w;1
1;Panagiotis;m;1
1;Nouria;w;1
1;Paolo;m;1
1;Nousaiba;w;1
1;Patrizio;m;1
1;Nozhan;w;1
1;Pau;m;1
1;Noée;w;1
1;Paulo;m;1
1;Noël;w;1
1;Paveen;m;1
1;Nuda;w;1
1;Pavel;m;1
1;Nujin;w;1
1;Pedro;m;1
1;Nupal;w;1
1;Pelin;m;1
1;Nurcan;w;1
1;Pepé;m;1
1;Nurhana;w;1
1;Peter-Matthias;m;1
1;Nushan;w;1
1;Pethi;m;1
1;Nussayba;w;1
1;Phelps;m;1
1;Nóra;w;1
1;Phoenix;m;1
1;Obehi;w;1
1;Pieter;m;1
1;Odosa;w;1
1;Pietro;m;1
1;Oluwatomisin;w;1
1;Pontus;m;1
1;Omaja;w;1
1;Poyraz;m;1
1;Oona;w;1
1;Presley;m;1
1;Oriana;w;1
1;Prince-Elieston;m;1
1;Orie;w;1
1;Putu;m;1
1;Oscar;w;1
1;Qidong;m;1
1;Oskar;w;1
1;Rael;m;1
1;Oualae;w;1
1;Ragib;m;1
1;Oumou;w;1
1;Ragnar;m;1
1;Oya;w;1
1;Rahmanullah;m;1
1;Paloma;w;1
1;Rakan;m;1
1;Panagiota;w;1
1;Ramzi;m;1
1;Panisa;w;1
1;Raphaël;m;1
1;Paniz;w;1
1;Rares;m;1
1;Panthea;w;1
1;Rareș-Alexandru;m;1
1;Paraskeva;w;1
1;Rashid;m;1
1;Paris;w;1
1;Rasmus;m;1
1;Parishay;w;1
1;Raund;m;1
1;Parmida;w;1
1;Raymarley;m;1
1;Patricia;w;1
1;Raymond;m;1
1;Payton;w;1
1;Rayyan;m;1
1;Peia;w;1
1;Raúl;m;1
1;Pela;w;1
1;Rdwan;m;1
1;Pembe;w;1
1;Reik;m;1
1;Penelope;w;1
1;Rejhan;m;1
1;Perla;w;1
1;Rekewt;m;1
1;Petra;w;1
1;Remiah;m;1
1;Pheliz;w;1
1;Renas;m;1
1;Philine;w;1
1;Renato;m;1
1;Philomene;w;1
1;Rene;m;1
1;Pich;w;1
1;Renis;m;1
1;Polli;w;1
1;René;m;1
1;Precious;w;1
1;Reto;m;1
1;Princesha;w;1
1;Rezvan;m;1
1;Prințesa;w;1
1;Ricardo;m;1
1;Purity;w;1
1;Riccardo;m;1
1;Quỳnh;w;1
1;Rinor;m;1
1;Rabea;w;1
1;Rio;m;1
1;Rada;w;1
1;Riyad;m;1
1;Raffaela;w;1
1;Road;m;1
1;Rafif;w;1
1;Roderick;m;1
1;Ragna;w;1
1;Rodin;m;1
1;Rahima;w;1
1;Rodion;m;1
1;Rahime;w;1
1;Rohab;m;1
1;Rahma;w;1
1;Roham;m;1
1;Raihana;w;1
1;Ron;m;1
1;Rama;w;1
1;Rony;m;1
1;Ramiza;w;1
1;Rouven;m;1
1;Ramona;w;1
1;Rubén;m;1
1;Randa;w;1
1;Rudi;m;1
1;Ranya;w;1
1;Rufus;m;1
1;Rawda;w;1
1;Ruzholi;m;1
1;Rayhan;w;1
1;Rylee;m;1
1;Rayé;w;1
1;Ryoto;m;1
1;Razal;w;1
1;Rüzgar;m;1
1;Razia;w;1
1;Saed;m;1
1;Rebeca;w;1
1;Safak;m;1
1;Rebecca-Manelle;w;1
1;Safe;m;1
1;Rebeka;w;1
1;Saim;m;1
1;Rebekka;w;1
1;Saint;m;1
1;Regina;w;1
1;Saip;m;1
1;Reina;w;1
1;Salem;m;1
1;Remas;w;1
1;Salwan;m;1
1;Remzije;w;1
1;Samar;m;1
1;Rena;w;1
1;Samet;m;1
1;Renad;w;1
1;Samih;m;1
1;Renel;w;1
1;Samiir;m;1
1;Retag;w;1
1;Samu;m;1
1;Reyhan;w;1
1;Samuele;m;1
1;Riccia;w;1
1;Samuél;m;1
1;Richemelle;w;1
1;Samwel;m;1
1;Riean;w;1
1;Samyar;m;1
1;Rike;w;1
1;San;m;1
1;Rima;w;1
1;Sanan;m;1
1;Rina;w;1
1;Sangar;m;1
1;Rinesa;w;1
1;Sanger;m;1
1;Rita;w;1
1;Santana;m;1
1;Rital;w;1
1;Santiago;m;1
1;Rittal;w;1
1;Santiano;m;1
1;Riya;w;1
1;Santo;m;1
1;Riyana;w;1
1;Santosh;m;1
1;Roaa;w;1
1;Sava;m;1
1;Roha;w;1
1;Savin;m;1
1;Rojin;w;1
1;Savio;m;1
1;Ronahi;w;1
1;Sayed;m;1
1;Ronda;w;1
1;Saymon;m;1
1;Ronia;w;1
1;Saïdou;m;1
1;Ronja-Joulin;w;1
1;Schekry;m;1
1;Ronya;w;1
1;Scott;m;1
1;Ros;w;1
1;Se-Hwan;m;1
1;Rosabella;w;1
1;Sedat;m;1
1;Rosalita;w;1
1;Sefa;m;1
1;Rosemieke;w;1
1;Seif;m;1
1;Rosi;w;1
1;Semin;m;1
1;Rosie-Ange;w;1
1;Semir;m;1
1;Rosita;w;1
1;Senar;m;1
1;Rossel;w;1
1;Senci;m;1
1;Roukaya;w;1
1;Seraphin;m;1
1;Rubie;w;1
1;Serdal;m;1
1;Rubina;w;1
1;Serdem;m;1
1;Rufta;w;1
1;Serge;m;1
1;Rufuta;w;1
1;Sergej;m;1
1;Rui-Ze;w;1
1;Serhat;m;1
1;Rukiya;w;1
1;Seruk;m;1
1;Rumeisa;w;1
1;Serwan;m;1
1;Ruqayyah;w;1
1;Serwer;m;1
1;Rushi;w;1
1;Sever;m;1
1;Rylie;w;1
1;Seydi;m;1
1;Rümeysa;w;1
1;Seymen;m;1
1;Saadet;w;1
1;Seyyid-Ali;m;1
1;Sabiha;w;1
1;Sezai;m;1
1;Sabina;w;1
1;Sezar;m;1
1;Sabrin;w;1
1;Shamash;m;1
1;Sabrina;w;1
1;Shandon;m;1
1;Sacharja;w;1
1;Sharan;m;1
1;Sadije;w;1
1;Sharvil;m;1
1;Sadmira;w;1
1;Shaurya;m;1
1;Safah;w;1
1;Shaya;m;1
1;Safiatou;w;1
1;Sheer;m;1
1;Safija;w;1
1;Shehryar;m;1
1;Safijat;w;1
1;Shivansh;m;1
1;Saher;w;1
1;Siam;m;1
1;Sahra;w;1
1;Sidad;m;1
1;Saida;w;1
1;Sidar;m;1
1;Sainab;w;1
1;Siddharth;m;1
1;Saira;w;1
1;Siem;m;1
1;Saja;w;1
1;Sien;m;1
1;Salam;w;1
1;Sila;m;1
1;Salimata;w;1
1;Sina;m;1
1;Salli;w;1
1;Sirac;m;1
1;Sally;w;1
1;Siratt;m;1
1;Salome;w;1
1;Siseko;m;1
1;Salsabeel;w;1
1;Skylar;m;1
1;Salwa;w;1
1;Snowssi;m;1
1;Saly;w;1
1;Sobhan;m;1
1;Samaira;w;1
1;Sohrab;m;1
1;Samar;w;1
1;Solomon;m;1
1;Samra;w;1
1;Soner;m;1
1;Samrawit;w;1
1;Song;m;1
1;Sana;w;1
1;Sonny;m;1
1;Sandra;w;1
1;Sony;m;1
1;Sanija;w;1
1;Soulayman;m;1
1;Sanjana;w;1
1;Souren;m;1
1;Sanna;w;1
1;Spencer;m;1
1;Santa;w;1
1;Stalone;m;1
1;Saphira;w;1
1;Stanisław;m;1
1;Sarat;w;1
1;Steeven;m;1
1;Saray;w;1
1;Stefano;m;1
1;Sarra;w;1
1;Stevan;m;1
1;Sarrah;w;1
1;Steven;m;1
1;Sasha;w;1
1;Stivan;m;1
1;Savia;w;1
1;Subhan;m;1
1;Sayma;w;1
1;Subhanallah;m;1
1;Sayra;w;1
1;Sufyan;m;1
1;Schifa;w;1
1;Suhaib;m;1
1;Seadet;w;1
1;Suhail;m;1
1;Seba;w;1
1;Suhrob;m;1
1;Sedef;w;1
1;Sulaiman;m;1
1;Sejdina;w;1
1;Sunay;m;1
1;Sela;w;1
1;Sunny;m;1
1;Selen;w;1
1;Svetloslav;m;1
1;Selena;w;1
1;Svetoslav;m;1
1;Sella;w;1
1;Svetozar;m;1
1;Selmedina;w;1
1;Symon;m;1
1;Sema;w;1
1;Syon;m;1
1;Semira;w;1
1;Sâmi;m;1
1;Senta;w;1
1;Sükrü;m;1
1;Senudhi;w;1
1;Taim;m;1
1;Sera;w;1
1;Taio;m;1
1;Serifa;w;1
1;Tamiem;m;1
1;Serin;w;1
1;Tamino;m;1
1;Serpil;w;1
1;Tamjeed;m;1
1;Setayesh;w;1
1;Taner;m;1
1;Sevdie;w;1
1;Tarek;m;1
1;Sevgi;w;1
1;Tareq;m;1
1;Seylyan;w;1
1;Tarik;m;1
1;Shaam;w;1
1;Tarık;m;1
1;Shahd;w;1
1;Tassili;m;1
1;Shaina;w;1
1;Tavi;m;1
1;Sham;w;1
1;Taygan;m;1
1;Shamanta;w;1
1;Tayhan;m;1
1;Shammah;w;1
1;Taylor;m;1
1;Shanaia;w;1
1;Teghvir;m;1
1;Shanaja;w;1
1;Teim;m;1
1;Shania;w;1
1;Temitayo;m;1
1;Shanty;w;1
1;Teoman;m;1
1;Shantyana;w;1
1;Terence;m;1
1;Sharia;w;1
1;Teshi;m;1
1;Shayleen;w;1
1;Teó;m;1
1;Shelby;w;1
1;Theodoros;m;1
1;Shewin;w;1
1;Theopil;m;1
1;Sheyma;w;1
1;Thien;m;1
1;Shirley;w;1
1;Thies;m;1
1;Shunem;w;1
1;Thijmen;m;1
1;Sia;w;1
1;Tian;m;1
1;Siba;w;1
1;Tibor;m;1
1;Sibel;w;1
1;Tillmann;m;1
1;Sıdal;w;1
1;Tito;m;1
1;Silan;w;1
1;Tiyam;m;1
1;Silas;w;1
1;Tmim;m;1
1;Silen;w;1
1;Toby;m;1
1;Silina;w;1
1;Tom-Levi;m;1
1;Siloah;w;1
1;Tomasz;m;1
1;Silvana;w;1
1;Tomás;m;1
1;Silvin;w;1
1;Tonius;m;1
1;Sinat;w;1
1;Tonny;m;1
1;Sirin;w;1
1;Torben;m;1
1;Sirina;w;1
1;Tore;m;1
1;Sivana;w;1
1;Tristan;m;1
1;Skyler;w;1
1;Tugrul;m;1
1;Slava;w;1
1;Tuna;m;1
1;Slawa;w;1
1;Tunay;m;1
1;Soe;w;1
1;Tuncay;m;1
1;Sofia-Maria;w;1
1;Turan;m;1
1;Sofía;w;1
1;Turkijan;m;1
1;Sojoud;w;1
1;Tuğra;m;1
1;Solena;w;1
1;Ty;m;1
1;Solin;w;1
1;Tyron;m;1
1;Solome;w;1
1;Türkan;m;1
1;Sonas;w;1
1;Türkeş;m;1
1;Sonia;w;1
1;Umar;m;1
1;Sonya;w;1
1;Uraz;m;1
1;Sophia-Elisabeth;w;1
1;Uriel;m;1
1;Sophie-Joy;w;1
1;Uygar;m;1
1;Soukaina;w;1
1;Uzay;m;1
1;Soumeya;w;1
1;Vaitsis;m;1
1;Soé;w;1
1;Valerian;m;1
1;Stefania;w;1
1;Vardaan;m;1
1;Stefania-Andreia;w;1
1;Vasco;m;1
1;Stefanie;w;1
1;Vasilios;m;1
1;Stera;w;1
1;Veit;m;1
1;Stina;w;1
1;Velat;m;1
1;Stine;w;1
1;Velimir;m;1
1;Subaya;w;1
1;Vesilije;m;1
1;Sude;w;1
1;Veyron;m;1
1;Sudenaz;w;1
1;Vico;m;1
1;Suela;w;1
1;Viggo;m;1
1;Sumayya;w;1
1;Vijesh;m;1
1;Suna;w;1
1;Vincent-Samuel;m;1
1;Sura;w;1
1;Vinicius;m;1
1;Suri;w;1
1;Vinzent;m;1
1;Susann;w;1
1;Vinícius;m;1
1;Susanna;w;1
1;Vukan;m;1
1;Suvi;w;1
1;Wares;m;1
1;Suzy;w;1
1;Wil;m;1
1;Sveja;w;1
1;Wim;m;1
1;Svenja;w;1
1;Wolf;m;1
1;Sydney;w;1
1;Xaver;m;1
1;Sârâ;w;1
1;Xuxi;m;1
1;Süheyla;w;1
1;Yagub;m;1
1;Sümeyye;w;1
1;Yalçın;m;1
1;Süveybe;w;1
1;Yaman;m;1
1;Taisia;w;1
1;Yamin;m;1
1;Talea;w;1
1;Yanis;m;1
1;Talina;w;1
1;Yann;m;1
1;Taliyah;w;1
1;Yaser;m;1
1;Tami;w;1
1;Yashar;m;1
1;Tamia;w;1
1;Yasın;m;1
1;Tamika;w;1
1;Yasir;m;1
1;Tamina;w;1
1;Yassen;m;1
1;Tamira;w;1
1;Yassine;m;1
1;Tandi;w;1
1;Yassir;m;1
1;Tanisha;w;1
1;Yazan;m;1
1;Tanya;w;1
1;Yazn;m;1
1;Taraneh;w;1
1;Yağız;m;1
1;Tatjana;w;1
1;Yeysel;m;1
1;Teodora;w;1
1;Yilmark;m;1
1;Teresa;w;1
1;Yiwei;m;1
1;Thala;w;1
1;Ylaisha;m;1
1;Thalia;w;1
1;Ylan;m;1
1;Theda;w;1
1;Yoav;m;1
1;Theodora;w;1
1;Yonatan;m;1
1;Therese;w;1
1;Yones;m;1
1;Thilda;w;1
1;Youhao;m;1
1;Tia;w;1
1;Yousef;m;1
1;Tiffany;w;1
1;Yousif;m;1
1;Tika;w;1
1;Youssof;m;1
1;Tilli;w;1
1;Yu;m;1
1;Tina;w;1
1;Yujiro;m;1
1;Tita;w;1
1;Yul;m;1
1;Tori;w;1
1;Yuma;m;1
1;Tracy;w;1
1;Yunusali-Nebi;m;1
1;Troja;w;1
1;Yusef;m;1
1;Tuğra;w;1
1;Yussef;m;1
1;Tuğçe;w;1
1;Yussuf;m;1
1;Türkan;w;1
1;Yusuf-Semi;m;1
1;Umut;w;1
1;Yusufcem;m;1
1;Unik;w;1
1;Yvo;m;1
1;Uriel;w;1
1;Zaid;m;1
1;Ursula;w;1
1;Zain;m;1
1;Vaiana;w;1
1;Zaland;m;1
1;Vaiola;w;1
1;Zana;m;1
1;Valea;w;1
1;Zayn;m;1
1;Valyn;w;1
1;Zeeshan;m;1
1;Vania;w;1
1;Zendel;m;1
1;Vanya;w;1
1;Zeravan;m;1
1;Varnikha;w;1
1;Zewei;m;1
1;Vejin;w;1
1;Zeyan;m;1
1;Velenora;w;1
1;Zhaoyang;m;1
1;Venecia;w;1
1;Zhenbang;m;1
1;Venezia;w;1
1;Zhenhao;m;1
1;Vera;w;1
1;Zhilin;m;1
1;Verena;w;1
1;Zimon;m;1
1;Verona;w;1
1;Zinar;m;1
1;Veselina;w;1
1;Zion;m;1
1;Victory;w;1
1;Zoran;m;1
1;Vida;w;1
1;Zuyan;m;1
1;Videl;w;1
1;Zülfü;m;1
1;Vildan;w;1
1;Çamer;m;1
1;Vilma;w;1
1;Çağatay;m;1
1;Violeta;w;1
1;Émile;m;1
1;Vita;w;1
1;Éric;m;1
1;Vivi;w;1
1;Özkan;m;1
1;Viviana;w;1
1;Şura;m;1
1;Vivien;w;1
1;Žan;m;1
1;Wafa;w;1
1;Žarko;m;1
1;Wafaa;w;1
1;Wanda;w;1
1;Wassiliki;w;1
1;Weronika;w;1
1;Wiebke;w;1
1;Wijdan;w;1
1;Xia;w;1
1;Yade;w;1
1;Yasemin;w;1
1;Yasminah;w;1
1;Yassemin;w;1
1;Yee;w;1
1;Yella;w;1
1;Yemen;w;1
1;Ylvi;w;1
1;Ylvie;w;1
1;Yma;w;1
1;Yoanna;w;1
1;Youmna;w;1
1;Youna;w;1
1;Yousra;w;1
1;Yuki;w;1
1;Yurdagül;w;1
1;Yusra;w;1
1;Yüsra;w;1
1;Zahide;w;1
1;Zahima;w;1
1;Zahira;w;1
1;Zahraa;w;1
1;Zaineb;w;1
1;Zariah;w;1
1;Zaynap;w;1
1;Zemina;w;1
1;Zenab;w;1
1;Zeren;w;1
1;Zerya;w;1
1;Zeynab;w;1
1;Zin;w;1
1;Zine;w;1
1;Zineb;w;1
1;Zion;w;1
1;Zlatica;w;1
1;Zoi;w;1
1;Zoie;w;1
1;Zola;w;1
1;Zora;w;1
1;Zosan;w;1
1;Zoë;w;1
1;Zühra;w;1
1;Ángela;w;1
1;Çilay;w;1
1;Élise;w;1
1;Ömer;w;1
1;Öykü;w;1
1;Ülkü;w;1
1;Şûra;w;1
